mode: set
github.com/dpopsuev/parchment/artifact.go:138.45,139.64 1 1
github.com/dpopsuev/parchment/artifact.go:139.64,141.3 1 0
github.com/dpopsuev/parchment/artifact.go:142.2,142.54 1 1
github.com/dpopsuev/parchment/artifact.go:142.54,144.3 1 0
github.com/dpopsuev/parchment/artifact.go:145.2,145.60 1 1
github.com/dpopsuev/parchment/artifact.go:145.60,147.3 1 1
github.com/dpopsuev/parchment/artifact.go:148.2,148.40 1 1
github.com/dpopsuev/parchment/artifact.go:148.40,150.3 1 1
github.com/dpopsuev/parchment/artifact.go:151.2,151.23 1 1
github.com/dpopsuev/parchment/artifact.go:151.23,153.30 2 1
github.com/dpopsuev/parchment/artifact.go:153.30,154.22 1 1
github.com/dpopsuev/parchment/artifact.go:154.22,156.10 2 1
github.com/dpopsuev/parchment/artifact.go:159.3,159.13 1 1
github.com/dpopsuev/parchment/artifact.go:159.13,161.4 1 0
github.com/dpopsuev/parchment/artifact.go:162.8,162.50 1 1
github.com/dpopsuev/parchment/artifact.go:162.50,164.3 1 1
github.com/dpopsuev/parchment/artifact.go:165.2,165.46 1 1
github.com/dpopsuev/parchment/artifact.go:165.46,167.3 1 1
github.com/dpopsuev/parchment/artifact.go:168.2,168.46 1 1
github.com/dpopsuev/parchment/artifact.go:168.46,170.3 1 0
github.com/dpopsuev/parchment/artifact.go:171.2,171.46 1 1
github.com/dpopsuev/parchment/artifact.go:171.46,173.3 1 0
github.com/dpopsuev/parchment/artifact.go:174.2,174.27 1 1
github.com/dpopsuev/parchment/artifact.go:179.49,180.23 1 1
github.com/dpopsuev/parchment/artifact.go:180.23,181.33 1 0
github.com/dpopsuev/parchment/artifact.go:181.33,182.32 1 0
github.com/dpopsuev/parchment/artifact.go:182.32,184.5 1 0
github.com/dpopsuev/parchment/artifact.go:187.2,187.25 1 1
github.com/dpopsuev/parchment/artifact.go:187.25,189.35 2 0
github.com/dpopsuev/parchment/artifact.go:189.35,190.31 1 0
github.com/dpopsuev/parchment/artifact.go:190.31,192.10 2 0
github.com/dpopsuev/parchment/artifact.go:195.3,195.11 1 0
github.com/dpopsuev/parchment/artifact.go:195.11,197.4 1 0
github.com/dpopsuev/parchment/artifact.go:199.2,199.30 1 1
github.com/dpopsuev/parchment/artifact.go:199.30,200.40 1 0
github.com/dpopsuev/parchment/artifact.go:200.40,201.31 1 0
github.com/dpopsuev/parchment/artifact.go:201.31,203.5 1 0
github.com/dpopsuev/parchment/artifact.go:206.2,206.13 1 1
github.com/dpopsuev/parchment/artifact.go:211.62,212.31 1 0
github.com/dpopsuev/parchment/artifact.go:212.31,213.17 1 0
github.com/dpopsuev/parchment/artifact.go:213.17,215.4 1 0
github.com/dpopsuev/parchment/artifact.go:217.2,217.30 1 0
github.com/dpopsuev/parchment/artifact.go:217.30,218.46 1 0
github.com/dpopsuev/parchment/artifact.go:218.46,219.22 1 0
github.com/dpopsuev/parchment/artifact.go:219.22,221.5 1 0
github.com/dpopsuev/parchment/artifact.go:224.2,224.14 1 0
github.com/dpopsuev/parchment/artifact.go:228.46,230.2 1 1
github.com/dpopsuev/parchment/artifact.go:233.64,235.2 1 1
github.com/dpopsuev/parchment/artifact.go:239.40,241.2 1 0
github.com/dpopsuev/parchment/artifact.go:262.32,271.2 1 0
github.com/dpopsuev/parchment/artifact.go:282.58,284.15 2 0
github.com/dpopsuev/parchment/artifact.go:284.15,286.3 1 0
github.com/dpopsuev/parchment/artifact.go:287.2,288.33 2 0
github.com/dpopsuev/parchment/artifact.go:288.33,289.17 1 0
github.com/dpopsuev/parchment/artifact.go:290.16,291.39 1 0
github.com/dpopsuev/parchment/artifact.go:292.15,293.19 1 0
github.com/dpopsuev/parchment/artifact.go:293.19,295.5 1 0
github.com/dpopsuev/parchment/artifact.go:295.10,297.5 1 0
github.com/dpopsuev/parchment/artifact.go:298.15,299.47 1 0
github.com/dpopsuev/parchment/artifact.go:300.17,301.57 1 0
github.com/dpopsuev/parchment/artifact.go:304.2,304.33 1 0
github.com/dpopsuev/parchment/artifact.go:309.50,311.15 2 0
github.com/dpopsuev/parchment/artifact.go:311.15,313.3 1 0
github.com/dpopsuev/parchment/artifact.go:314.2,315.33 2 0
github.com/dpopsuev/parchment/artifact.go:315.33,316.17 1 0
github.com/dpopsuev/parchment/artifact.go:317.16,318.39 1 0
github.com/dpopsuev/parchment/artifact.go:319.15,320.19 1 0
github.com/dpopsuev/parchment/artifact.go:320.19,322.5 1 0
github.com/dpopsuev/parchment/artifact.go:322.10,324.5 1 0
github.com/dpopsuev/parchment/artifact.go:325.15,326.47 1 0
github.com/dpopsuev/parchment/artifact.go:329.2,329.33 1 0
github.com/dpopsuev/parchment/artifact.go:332.39,334.16 2 0
github.com/dpopsuev/parchment/artifact.go:335.19,336.30 1 0
github.com/dpopsuev/parchment/artifact.go:337.14,338.32 1 0
github.com/dpopsuev/parchment/artifact.go:339.10,340.39 1 0
github.com/dpopsuev/parchment/artifact.go:344.48,345.15 1 0
github.com/dpopsuev/parchment/artifact.go:345.15,347.3 1 0
github.com/dpopsuev/parchment/artifact.go:348.2,348.31 1 0
github.com/dpopsuev/parchment/capsule.go:24.110,32.16 6 0
github.com/dpopsuev/parchment/capsule.go:32.16,34.3 1 0
github.com/dpopsuev/parchment/capsule.go:35.2,36.27 2 0
github.com/dpopsuev/parchment/capsule.go:36.27,40.3 3 0
github.com/dpopsuev/parchment/capsule.go:41.2,41.68 1 0
github.com/dpopsuev/parchment/capsule.go:41.68,43.3 1 0
github.com/dpopsuev/parchment/capsule.go:46.2,48.27 3 0
github.com/dpopsuev/parchment/capsule.go:48.27,50.27 2 0
github.com/dpopsuev/parchment/capsule.go:50.27,51.24 1 0
github.com/dpopsuev/parchment/capsule.go:51.24,56.5 4 0
github.com/dpopsuev/parchment/capsule.go:59.2,59.65 1 0
github.com/dpopsuev/parchment/capsule.go:59.65,61.3 1 0
github.com/dpopsuev/parchment/capsule.go:64.2,71.71 3 0
github.com/dpopsuev/parchment/capsule.go:71.71,73.3 1 0
github.com/dpopsuev/parchment/capsule.go:75.2,75.22 1 0
github.com/dpopsuev/parchment/capsule.go:80.94,82.16 2 0
github.com/dpopsuev/parchment/capsule.go:82.16,84.3 1 0
github.com/dpopsuev/parchment/capsule.go:85.2,91.6 5 0
github.com/dpopsuev/parchment/capsule.go:91.6,93.20 2 0
github.com/dpopsuev/parchment/capsule.go:93.20,94.9 1 0
github.com/dpopsuev/parchment/capsule.go:96.3,96.17 1 0
github.com/dpopsuev/parchment/capsule.go:96.17,98.4 1 0
github.com/dpopsuev/parchment/capsule.go:99.3,100.17 2 0
github.com/dpopsuev/parchment/capsule.go:100.17,102.4 1 0
github.com/dpopsuev/parchment/capsule.go:103.3,103.19 1 0
github.com/dpopsuev/parchment/capsule.go:104.24,106.57 2 0
github.com/dpopsuev/parchment/capsule.go:106.57,108.5 1 0
github.com/dpopsuev/parchment/capsule.go:109.26,110.19 1 0
github.com/dpopsuev/parchment/capsule.go:111.22,112.20 1 0
github.com/dpopsuev/parchment/capsule.go:116.2,116.21 1 0
github.com/dpopsuev/parchment/capsule.go:116.21,118.3 1 0
github.com/dpopsuev/parchment/capsule.go:121.2,122.17 2 0
github.com/dpopsuev/parchment/capsule.go:122.17,124.42 2 0
github.com/dpopsuev/parchment/capsule.go:124.42,126.4 1 0
github.com/dpopsuev/parchment/capsule.go:127.3,127.48 1 0
github.com/dpopsuev/parchment/capsule.go:127.48,129.4 1 0
github.com/dpopsuev/parchment/capsule.go:133.2,133.24 1 0
github.com/dpopsuev/parchment/capsule.go:133.24,135.18 2 0
github.com/dpopsuev/parchment/capsule.go:135.18,137.41 2 0
github.com/dpopsuev/parchment/capsule.go:137.41,139.5 1 0
github.com/dpopsuev/parchment/capsule.go:140.4,140.27 1 0
github.com/dpopsuev/parchment/capsule.go:144.2,144.22 1 0
github.com/dpopsuev/parchment/capsule.go:148.60,150.16 2 0
github.com/dpopsuev/parchment/capsule.go:150.16,152.3 1 0
github.com/dpopsuev/parchment/capsule.go:153.2,156.6 3 0
github.com/dpopsuev/parchment/capsule.go:156.6,158.20 2 0
github.com/dpopsuev/parchment/capsule.go:158.20,159.9 1 0
github.com/dpopsuev/parchment/capsule.go:161.3,161.17 1 0
github.com/dpopsuev/parchment/capsule.go:161.17,163.4 1 0
github.com/dpopsuev/parchment/capsule.go:164.3,164.34 1 0
github.com/dpopsuev/parchment/capsule.go:164.34,166.18 2 0
github.com/dpopsuev/parchment/capsule.go:166.18,168.5 1 0
github.com/dpopsuev/parchment/capsule.go:169.4,170.51 2 0
github.com/dpopsuev/parchment/capsule.go:170.51,172.5 1 0
github.com/dpopsuev/parchment/capsule.go:173.4,173.18 1 0
github.com/dpopsuev/parchment/capsule.go:176.2,176.62 1 0
github.com/dpopsuev/parchment/capsule.go:179.66,186.44 2 0
github.com/dpopsuev/parchment/capsule.go:186.44,188.3 1 0
github.com/dpopsuev/parchment/capsule.go:189.2,190.12 2 0
github.com/dpopsuev/parchment/keygen.go:18.62,20.26 2 1
github.com/dpopsuev/parchment/keygen.go:20.26,22.3 1 1
github.com/dpopsuev/parchment/keygen.go:24.2,27.53 3 1
github.com/dpopsuev/parchment/keygen.go:27.53,29.21 2 1
github.com/dpopsuev/parchment/keygen.go:29.21,31.4 1 1
github.com/dpopsuev/parchment/keygen.go:34.2,34.36 1 1
github.com/dpopsuev/parchment/keygen.go:34.36,36.21 2 1
github.com/dpopsuev/parchment/keygen.go:36.21,38.4 1 1
github.com/dpopsuev/parchment/keygen.go:41.2,41.24 1 0
github.com/dpopsuev/parchment/keygen.go:49.51,51.21 2 1
github.com/dpopsuev/parchment/keygen.go:51.21,53.3 1 0
github.com/dpopsuev/parchment/keygen.go:55.2,60.47 5 1
github.com/dpopsuev/parchment/keygen.go:60.47,61.24 1 1
github.com/dpopsuev/parchment/keygen.go:61.24,64.4 2 1
github.com/dpopsuev/parchment/keygen.go:67.2,67.47 1 1
github.com/dpopsuev/parchment/keygen.go:67.47,68.19 1 1
github.com/dpopsuev/parchment/keygen.go:68.19,71.4 2 1
github.com/dpopsuev/parchment/keygen.go:74.2,75.26 2 1
github.com/dpopsuev/parchment/keygen.go:75.26,76.18 1 1
github.com/dpopsuev/parchment/keygen.go:76.18,78.4 1 1
github.com/dpopsuev/parchment/keygen.go:81.2,81.22 1 1
github.com/dpopsuev/parchment/keygen.go:81.22,83.3 1 1
github.com/dpopsuev/parchment/keygen.go:85.2,85.27 1 1
github.com/dpopsuev/parchment/keygen.go:88.31,90.39 2 1
github.com/dpopsuev/parchment/keygen.go:90.39,91.26 1 1
github.com/dpopsuev/parchment/keygen.go:91.26,93.4 1 1
github.com/dpopsuev/parchment/keygen.go:95.2,95.19 1 1
github.com/dpopsuev/parchment/keygen.go:98.48,100.25 2 1
github.com/dpopsuev/parchment/keygen.go:100.25,102.3 1 1
github.com/dpopsuev/parchment/keygen.go:103.2,105.27 3 1
github.com/dpopsuev/parchment/keygen.go:105.27,106.30 1 1
github.com/dpopsuev/parchment/keygen.go:106.30,109.4 2 1
github.com/dpopsuev/parchment/keygen.go:111.2,111.15 1 1
github.com/dpopsuev/parchment/memstore.go:35.36,43.2 1 1
github.com/dpopsuev/parchment/memstore.go:45.43,45.81 1 1
github.com/dpopsuev/parchment/memstore.go:49.67,54.22 3 1
github.com/dpopsuev/parchment/memstore.go:54.22,56.3 1 1
github.com/dpopsuev/parchment/memstore.go:58.2,58.36 1 1
github.com/dpopsuev/parchment/memstore.go:58.36,60.3 1 1
github.com/dpopsuev/parchment/memstore.go:62.2,64.12 3 1
github.com/dpopsuev/parchment/memstore.go:67.76,71.9 4 1
github.com/dpopsuev/parchment/memstore.go:71.9,73.3 1 1
github.com/dpopsuev/parchment/memstore.go:74.2,75.20 2 1
github.com/dpopsuev/parchment/memstore.go:78.66,81.35 3 1
github.com/dpopsuev/parchment/memstore.go:81.35,83.3 1 1
github.com/dpopsuev/parchment/memstore.go:84.2,86.28 2 1
github.com/dpopsuev/parchment/memstore.go:86.28,87.33 1 0
github.com/dpopsuev/parchment/memstore.go:87.33,89.4 1 0
github.com/dpopsuev/parchment/memstore.go:91.2,91.12 1 1
github.com/dpopsuev/parchment/memstore.go:94.78,98.34 4 1
github.com/dpopsuev/parchment/memstore.go:98.34,99.21 1 1
github.com/dpopsuev/parchment/memstore.go:99.21,102.4 2 1
github.com/dpopsuev/parchment/memstore.go:104.2,104.41 1 1
github.com/dpopsuev/parchment/memstore.go:104.41,104.79 1 1
github.com/dpopsuev/parchment/memstore.go:105.2,105.20 1 1
github.com/dpopsuev/parchment/memstore.go:108.89,112.34 4 1
github.com/dpopsuev/parchment/memstore.go:112.34,113.29 1 1
github.com/dpopsuev/parchment/memstore.go:113.29,116.4 2 1
github.com/dpopsuev/parchment/memstore.go:118.2,118.20 1 1
github.com/dpopsuev/parchment/memstore.go:121.81,126.34 5 1
github.com/dpopsuev/parchment/memstore.go:126.34,129.53 1 1
github.com/dpopsuev/parchment/memstore.go:129.53,131.4 1 1
github.com/dpopsuev/parchment/memstore.go:133.2,134.17 2 1
github.com/dpopsuev/parchment/memstore.go:139.64,144.2 4 1
github.com/dpopsuev/parchment/memstore.go:146.67,151.2 4 1
github.com/dpopsuev/parchment/memstore.go:153.99,157.28 4 1
github.com/dpopsuev/parchment/memstore.go:157.28,158.37 1 1
github.com/dpopsuev/parchment/memstore.go:158.37,159.12 1 1
github.com/dpopsuev/parchment/memstore.go:161.3,161.14 1 1
github.com/dpopsuev/parchment/memstore.go:162.17,163.20 1 1
github.com/dpopsuev/parchment/memstore.go:163.20,165.5 1 1
github.com/dpopsuev/parchment/memstore.go:166.17,167.18 1 1
github.com/dpopsuev/parchment/memstore.go:167.18,169.5 1 1
github.com/dpopsuev/parchment/memstore.go:170.13,171.34 1 1
github.com/dpopsuev/parchment/memstore.go:171.34,173.5 1 1
github.com/dpopsuev/parchment/memstore.go:176.2,176.20 1 1
github.com/dpopsuev/parchment/memstore.go:179.111,186.2 5 1
github.com/dpopsuev/parchment/memstore.go:188.125,189.39 1 1
github.com/dpopsuev/parchment/memstore.go:189.39,191.3 1 0
github.com/dpopsuev/parchment/memstore.go:192.2,192.28 1 1
github.com/dpopsuev/parchment/memstore.go:192.28,193.37 1 1
github.com/dpopsuev/parchment/memstore.go:193.37,194.12 1 1
github.com/dpopsuev/parchment/memstore.go:196.3,197.14 2 1
github.com/dpopsuev/parchment/memstore.go:198.17,199.20 1 1
github.com/dpopsuev/parchment/memstore.go:199.20,200.13 1 1
github.com/dpopsuev/parchment/memstore.go:202.4,202.19 1 1
github.com/dpopsuev/parchment/memstore.go:203.17,204.18 1 1
github.com/dpopsuev/parchment/memstore.go:204.18,205.13 1 1
github.com/dpopsuev/parchment/memstore.go:207.4,207.21 1 1
github.com/dpopsuev/parchment/memstore.go:208.11,209.11 1 0
github.com/dpopsuev/parchment/memstore.go:210.22,211.20 1 0
github.com/dpopsuev/parchment/memstore.go:212.20,213.22 1 0
github.com/dpopsuev/parchment/memstore.go:214.12,215.13 1 0
github.com/dpopsuev/parchment/memstore.go:218.3,218.24 1 1
github.com/dpopsuev/parchment/memstore.go:218.24,219.12 1 0
github.com/dpopsuev/parchment/memstore.go:221.3,222.22 2 1
github.com/dpopsuev/parchment/memstore.go:222.22,224.4 1 1
github.com/dpopsuev/parchment/memstore.go:225.3,225.70 1 1
github.com/dpopsuev/parchment/memstore.go:231.80,236.2 4 1
github.com/dpopsuev/parchment/memstore.go:238.100,243.22 5 0
github.com/dpopsuev/parchment/memstore.go:243.22,245.3 1 0
github.com/dpopsuev/parchment/memstore.go:246.2,246.12 1 0
github.com/dpopsuev/parchment/memstore.go:249.98,255.2 5 1
github.com/dpopsuev/parchment/memstore.go:257.77,262.2 4 0
github.com/dpopsuev/parchment/memstore.go:266.103,270.9 4 1
github.com/dpopsuev/parchment/memstore.go:270.9,272.3 1 0
github.com/dpopsuev/parchment/memstore.go:273.2,273.35 1 1
github.com/dpopsuev/parchment/memstore.go:276.90,281.2 4 1
github.com/dpopsuev/parchment/memstore.go:283.83,287.40 4 1
github.com/dpopsuev/parchment/memstore.go:287.40,289.3 1 1
github.com/dpopsuev/parchment/memstore.go:290.2,290.20 1 1
github.com/dpopsuev/parchment/memstore.go:293.94,298.2 4 1
github.com/dpopsuev/parchment/memstore.go:300.89,304.2 3 1
github.com/dpopsuev/parchment/memstore.go:306.88,310.43 4 0
github.com/dpopsuev/parchment/memstore.go:310.43,311.28 1 0
github.com/dpopsuev/parchment/memstore.go:311.28,312.18 1 0
github.com/dpopsuev/parchment/memstore.go:312.18,314.10 2 0
github.com/dpopsuev/parchment/memstore.go:318.2,318.20 1 0
github.com/dpopsuev/parchment/memstore.go:321.77,325.40 4 1
github.com/dpopsuev/parchment/memstore.go:325.40,327.3 1 1
github.com/dpopsuev/parchment/memstore.go:328.2,328.20 1 1
github.com/dpopsuev/parchment/memstore.go:331.37,331.51 1 0
github.com/dpopsuev/parchment/memstore.go:344.47,347.32 3 1
github.com/dpopsuev/parchment/memstore.go:347.32,350.3 2 1
github.com/dpopsuev/parchment/memstore.go:351.2,352.28 2 1
github.com/dpopsuev/parchment/memstore.go:352.28,354.3 1 1
github.com/dpopsuev/parchment/memstore.go:355.2,362.40 2 1
github.com/dpopsuev/parchment/memstore.go:362.40,364.3 1 1
github.com/dpopsuev/parchment/memstore.go:365.2,368.16 3 1
github.com/dpopsuev/parchment/memstore.go:368.16,370.3 1 0
github.com/dpopsuev/parchment/memstore.go:372.2,373.48 2 1
github.com/dpopsuev/parchment/memstore.go:373.48,375.3 1 0
github.com/dpopsuev/parchment/memstore.go:377.2,378.54 2 1
github.com/dpopsuev/parchment/memstore.go:378.54,380.3 1 0
github.com/dpopsuev/parchment/memstore.go:381.2,381.45 1 1
github.com/dpopsuev/parchment/memstore.go:381.45,384.3 2 0
github.com/dpopsuev/parchment/memstore.go:385.2,385.12 1 1
github.com/dpopsuev/parchment/memstore.go:389.47,391.16 2 1
github.com/dpopsuev/parchment/memstore.go:391.16,393.3 1 0
github.com/dpopsuev/parchment/memstore.go:395.2,396.53 2 1
github.com/dpopsuev/parchment/memstore.go:396.53,398.3 1 0
github.com/dpopsuev/parchment/memstore.go:400.2,404.36 4 1
github.com/dpopsuev/parchment/memstore.go:404.36,406.3 1 1
github.com/dpopsuev/parchment/memstore.go:407.2,408.32 2 1
github.com/dpopsuev/parchment/memstore.go:408.32,410.3 1 1
github.com/dpopsuev/parchment/memstore.go:411.2,412.24 2 1
github.com/dpopsuev/parchment/memstore.go:412.24,414.3 1 0
github.com/dpopsuev/parchment/memstore.go:415.2,416.42 2 1
github.com/dpopsuev/parchment/memstore.go:416.42,418.3 1 1
github.com/dpopsuev/parchment/memstore.go:419.2,420.26 2 1
github.com/dpopsuev/parchment/memstore.go:420.26,422.3 1 1
github.com/dpopsuev/parchment/memstore.go:423.2,423.12 1 1
github.com/dpopsuev/parchment/protocol.go:41.53,41.72 1 0
github.com/dpopsuev/parchment/protocol.go:42.53,42.71 1 0
github.com/dpopsuev/parchment/protocol.go:43.53,43.74 1 1
github.com/dpopsuev/parchment/protocol.go:44.53,44.75 1 0
github.com/dpopsuev/parchment/protocol.go:45.53,45.75 1 1
github.com/dpopsuev/parchment/protocol.go:79.89,80.19 1 1
github.com/dpopsuev/parchment/protocol.go:80.19,82.3 1 1
github.com/dpopsuev/parchment/protocol.go:83.2,83.21 1 1
github.com/dpopsuev/parchment/protocol.go:83.21,85.3 1 1
github.com/dpopsuev/parchment/protocol.go:86.2,92.25 7 1
github.com/dpopsuev/parchment/protocol.go:92.25,94.3 1 0
github.com/dpopsuev/parchment/protocol.go:94.8,96.3 1 1
github.com/dpopsuev/parchment/protocol.go:97.2,99.10 3 1
github.com/dpopsuev/parchment/protocol.go:102.40,102.59 1 0
github.com/dpopsuev/parchment/protocol.go:103.40,103.58 1 0
github.com/dpopsuev/parchment/protocol.go:104.40,104.58 1 1
github.com/dpopsuev/parchment/protocol_admin.go:44.104,50.16 3 1
github.com/dpopsuev/parchment/protocol_admin.go:50.16,52.3 1 0
github.com/dpopsuev/parchment/protocol_admin.go:53.2,54.27 2 1
github.com/dpopsuev/parchment/protocol_admin.go:54.27,56.3 1 1
github.com/dpopsuev/parchment/protocol_admin.go:57.2,58.15 2 1
github.com/dpopsuev/parchment/protocol_admin.go:58.15,60.3 1 1
github.com/dpopsuev/parchment/protocol_admin.go:61.2,61.34 1 1
github.com/dpopsuev/parchment/protocol_admin.go:61.34,63.3 1 0
github.com/dpopsuev/parchment/protocol_admin.go:64.2,65.20 2 1
github.com/dpopsuev/parchment/protocol_admin.go:69.126,75.16 3 0
github.com/dpopsuev/parchment/protocol_admin.go:75.16,77.3 1 0
github.com/dpopsuev/parchment/protocol_admin.go:78.2,79.27 2 0
github.com/dpopsuev/parchment/protocol_admin.go:79.27,81.3 1 0
github.com/dpopsuev/parchment/protocol_admin.go:82.2,83.15 2 0
github.com/dpopsuev/parchment/protocol_admin.go:83.15,85.3 1 0
github.com/dpopsuev/parchment/protocol_admin.go:86.2,86.34 1 0
github.com/dpopsuev/parchment/protocol_admin.go:86.34,88.3 1 0
github.com/dpopsuev/parchment/protocol_admin.go:89.2,90.20 2 0
github.com/dpopsuev/parchment/protocol_admin.go:93.102,94.15 1 1
github.com/dpopsuev/parchment/protocol_admin.go:94.15,96.3 1 0
github.com/dpopsuev/parchment/protocol_admin.go:97.2,99.17 3 1
github.com/dpopsuev/parchment/protocol_admin.go:99.17,101.3 1 1
github.com/dpopsuev/parchment/protocol_admin.go:102.2,103.16 2 1
github.com/dpopsuev/parchment/protocol_admin.go:103.16,105.3 1 0
github.com/dpopsuev/parchment/protocol_admin.go:106.2,108.27 3 1
github.com/dpopsuev/parchment/protocol_admin.go:108.27,109.36 1 1
github.com/dpopsuev/parchment/protocol_admin.go:109.36,110.12 1 1
github.com/dpopsuev/parchment/protocol_admin.go:112.3,112.47 1 1
github.com/dpopsuev/parchment/protocol_admin.go:112.47,113.12 1 1
github.com/dpopsuev/parchment/protocol_admin.go:115.3,115.53 1 1
github.com/dpopsuev/parchment/protocol_admin.go:115.53,117.4 1 0
github.com/dpopsuev/parchment/protocol_admin.go:118.3,118.36 1 1
github.com/dpopsuev/parchment/protocol_admin.go:120.2,120.21 1 1
github.com/dpopsuev/parchment/protocol_admin.go:123.67,128.46 2 1
github.com/dpopsuev/parchment/protocol_admin.go:128.46,130.21 2 1
github.com/dpopsuev/parchment/protocol_admin.go:130.21,131.25 1 1
github.com/dpopsuev/parchment/protocol_admin.go:131.25,133.5 1 1
github.com/dpopsuev/parchment/protocol_admin.go:134.4,135.48 2 1
github.com/dpopsuev/parchment/protocol_admin.go:136.9,139.4 2 1
github.com/dpopsuev/parchment/protocol_admin.go:142.2,145.26 3 1
github.com/dpopsuev/parchment/protocol_admin.go:145.26,146.38 1 1
github.com/dpopsuev/parchment/protocol_admin.go:146.38,147.12 1 0
github.com/dpopsuev/parchment/protocol_admin.go:149.3,150.23 2 1
github.com/dpopsuev/parchment/protocol_admin.go:150.23,152.4 1 1
github.com/dpopsuev/parchment/protocol_admin.go:154.2,154.25 1 1
github.com/dpopsuev/parchment/protocol_admin.go:154.25,156.29 2 1
github.com/dpopsuev/parchment/protocol_admin.go:156.29,158.4 1 1
github.com/dpopsuev/parchment/protocol_admin.go:159.3,160.27 2 1
github.com/dpopsuev/parchment/protocol_admin.go:160.27,163.4 1 1
github.com/dpopsuev/parchment/protocol_admin.go:166.2,171.26 6 1
github.com/dpopsuev/parchment/protocol_admin.go:171.26,172.37 1 1
github.com/dpopsuev/parchment/protocol_admin.go:172.37,174.4 1 0
github.com/dpopsuev/parchment/protocol_admin.go:176.3,176.103 1 1
github.com/dpopsuev/parchment/protocol_admin.go:176.103,178.4 1 1
github.com/dpopsuev/parchment/protocol_admin.go:180.3,180.93 1 1
github.com/dpopsuev/parchment/protocol_admin.go:180.93,182.25 2 1
github.com/dpopsuev/parchment/protocol_admin.go:182.25,184.33 2 0
github.com/dpopsuev/parchment/protocol_admin.go:184.33,185.41 1 0
github.com/dpopsuev/parchment/protocol_admin.go:185.41,187.12 2 0
github.com/dpopsuev/parchment/protocol_admin.go:190.5,190.16 1 0
github.com/dpopsuev/parchment/protocol_admin.go:190.16,192.6 1 0
github.com/dpopsuev/parchment/protocol_admin.go:196.3,196.88 1 1
github.com/dpopsuev/parchment/protocol_admin.go:196.88,198.23 2 1
github.com/dpopsuev/parchment/protocol_admin.go:198.23,200.5 1 1
github.com/dpopsuev/parchment/protocol_admin.go:203.2,203.28 1 1
github.com/dpopsuev/parchment/protocol_admin.go:203.28,205.32 2 0
github.com/dpopsuev/parchment/protocol_admin.go:205.32,207.4 1 0
github.com/dpopsuev/parchment/protocol_admin.go:208.3,210.35 3 0
github.com/dpopsuev/parchment/protocol_admin.go:210.35,212.4 1 0
github.com/dpopsuev/parchment/protocol_admin.go:213.3,215.39 1 0
github.com/dpopsuev/parchment/protocol_admin.go:217.2,217.21 1 1
github.com/dpopsuev/parchment/protocol_admin.go:217.21,220.3 1 1
github.com/dpopsuev/parchment/protocol_admin.go:221.2,221.30 1 1
github.com/dpopsuev/parchment/protocol_admin.go:221.30,224.3 1 0
github.com/dpopsuev/parchment/protocol_admin.go:225.2,225.28 1 1
github.com/dpopsuev/parchment/protocol_admin.go:225.28,228.3 1 1
github.com/dpopsuev/parchment/protocol_admin.go:231.2,231.26 1 1
github.com/dpopsuev/parchment/protocol_admin.go:231.26,232.38 1 1
github.com/dpopsuev/parchment/protocol_admin.go:232.38,233.12 1 0
github.com/dpopsuev/parchment/protocol_admin.go:235.3,235.49 1 1
github.com/dpopsuev/parchment/protocol_admin.go:235.49,238.4 1 1
github.com/dpopsuev/parchment/protocol_admin.go:241.2,241.20 1 1
github.com/dpopsuev/parchment/protocol_admin.go:263.92,264.20 1 1
github.com/dpopsuev/parchment/protocol_admin.go:264.20,266.3 1 0
github.com/dpopsuev/parchment/protocol_admin.go:267.2,269.16 3 1
github.com/dpopsuev/parchment/protocol_admin.go:269.16,271.3 1 0
github.com/dpopsuev/parchment/protocol_admin.go:273.2,275.26 3 1
github.com/dpopsuev/parchment/protocol_admin.go:275.26,277.14 2 1
github.com/dpopsuev/parchment/protocol_admin.go:277.14,279.4 1 0
github.com/dpopsuev/parchment/protocol_admin.go:280.3,281.10 2 1
github.com/dpopsuev/parchment/protocol_admin.go:281.10,284.4 2 1
github.com/dpopsuev/parchment/protocol_admin.go:285.3,286.38 2 1
github.com/dpopsuev/parchment/protocol_admin.go:286.38,288.4 1 0
github.com/dpopsuev/parchment/protocol_admin.go:288.9,288.46 1 1
github.com/dpopsuev/parchment/protocol_admin.go:288.46,290.36 2 1
github.com/dpopsuev/parchment/protocol_admin.go:290.36,293.5 2 1
github.com/dpopsuev/parchment/protocol_admin.go:295.3,296.37 2 1
github.com/dpopsuev/parchment/protocol_admin.go:296.37,298.4 1 0
github.com/dpopsuev/parchment/protocol_admin.go:301.2,301.44 1 1
github.com/dpopsuev/parchment/protocol_admin.go:301.44,303.3 1 1
github.com/dpopsuev/parchment/protocol_admin.go:304.2,305.26 2 1
github.com/dpopsuev/parchment/protocol_admin.go:305.26,307.3 1 0
github.com/dpopsuev/parchment/protocol_admin.go:309.2,310.30 2 1
github.com/dpopsuev/parchment/protocol_admin.go:310.30,312.3 1 1
github.com/dpopsuev/parchment/protocol_admin.go:313.2,313.48 1 1
github.com/dpopsuev/parchment/protocol_admin.go:313.48,315.3 1 0
github.com/dpopsuev/parchment/protocol_admin.go:317.2,317.40 1 1
github.com/dpopsuev/parchment/protocol_admin.go:317.40,319.3 1 0
github.com/dpopsuev/parchment/protocol_admin.go:320.2,320.20 1 1
github.com/dpopsuev/parchment/protocol_admin.go:332.77,334.16 2 1
github.com/dpopsuev/parchment/protocol_admin.go:334.16,336.3 1 0
github.com/dpopsuev/parchment/protocol_admin.go:337.2,344.26 3 1
github.com/dpopsuev/parchment/protocol_admin.go:344.26,347.75 3 1
github.com/dpopsuev/parchment/protocol_admin.go:347.75,349.4 1 0
github.com/dpopsuev/parchment/protocol_admin.go:351.2,351.15 1 1
github.com/dpopsuev/parchment/protocol_admin.go:364.90,365.16 1 0
github.com/dpopsuev/parchment/protocol_admin.go:365.16,367.3 1 0
github.com/dpopsuev/parchment/protocol_admin.go:368.2,369.83 2 0
github.com/dpopsuev/parchment/protocol_admin.go:369.83,370.33 1 0
github.com/dpopsuev/parchment/protocol_admin.go:370.33,372.4 1 0
github.com/dpopsuev/parchment/protocol_admin.go:373.3,373.84 1 0
github.com/dpopsuev/parchment/protocol_admin.go:373.84,375.4 1 0
github.com/dpopsuev/parchment/protocol_admin.go:376.3,381.13 3 0
github.com/dpopsuev/parchment/protocol_admin.go:383.2,383.21 1 0
github.com/dpopsuev/parchment/protocol_admin.go:386.80,387.16 1 0
github.com/dpopsuev/parchment/protocol_admin.go:387.16,389.3 1 0
github.com/dpopsuev/parchment/protocol_admin.go:390.2,391.16 2 0
github.com/dpopsuev/parchment/protocol_admin.go:391.16,393.3 1 0
github.com/dpopsuev/parchment/protocol_admin.go:394.2,395.28 2 0
github.com/dpopsuev/parchment/protocol_admin.go:395.28,396.66 1 0
github.com/dpopsuev/parchment/protocol_admin.go:396.66,398.4 1 0
github.com/dpopsuev/parchment/protocol_admin.go:399.3,399.12 1 0
github.com/dpopsuev/parchment/protocol_admin.go:401.2,401.21 1 0
github.com/dpopsuev/parchment/protocol_admin.go:408.38,410.2 1 0
github.com/dpopsuev/parchment/protocol_admin.go:412.77,414.27 2 1
github.com/dpopsuev/parchment/protocol_admin.go:414.27,416.27 2 0
github.com/dpopsuev/parchment/protocol_admin.go:416.27,417.12 1 0
github.com/dpopsuev/parchment/protocol_admin.go:419.3,419.70 1 0
github.com/dpopsuev/parchment/protocol_admin.go:419.70,420.12 1 0
github.com/dpopsuev/parchment/protocol_admin.go:422.3,422.23 1 0
github.com/dpopsuev/parchment/protocol_admin.go:424.2,424.12 1 1
github.com/dpopsuev/parchment/protocol_admin.go:451.97,453.16 2 1
github.com/dpopsuev/parchment/protocol_admin.go:453.16,455.3 1 1
github.com/dpopsuev/parchment/protocol_admin.go:456.2,457.18 2 1
github.com/dpopsuev/parchment/protocol_admin.go:457.18,459.3 1 1
github.com/dpopsuev/parchment/protocol_admin.go:461.2,462.23 2 1
github.com/dpopsuev/parchment/protocol_admin.go:462.23,464.3 1 1
github.com/dpopsuev/parchment/protocol_admin.go:465.2,466.16 2 1
github.com/dpopsuev/parchment/protocol_admin.go:466.16,468.3 1 0
github.com/dpopsuev/parchment/protocol_admin.go:470.2,471.27 2 1
github.com/dpopsuev/parchment/protocol_admin.go:471.27,473.28 2 1
github.com/dpopsuev/parchment/protocol_admin.go:473.28,475.4 1 0
github.com/dpopsuev/parchment/protocol_admin.go:477.3,477.42 1 1
github.com/dpopsuev/parchment/protocol_admin.go:477.42,480.4 2 1
github.com/dpopsuev/parchment/protocol_admin.go:483.2,484.33 2 1
github.com/dpopsuev/parchment/protocol_admin.go:484.33,485.20 1 1
github.com/dpopsuev/parchment/protocol_admin.go:485.20,486.12 1 1
github.com/dpopsuev/parchment/protocol_admin.go:488.3,488.89 1 1
github.com/dpopsuev/parchment/protocol_admin.go:490.2,490.50 1 1
github.com/dpopsuev/parchment/protocol_admin.go:490.50,492.3 1 0
github.com/dpopsuev/parchment/protocol_admin.go:493.2,494.20 2 1
github.com/dpopsuev/parchment/protocol_admin.go:522.94,524.20 2 1
github.com/dpopsuev/parchment/protocol_admin.go:524.20,526.3 1 0
github.com/dpopsuev/parchment/protocol_admin.go:526.8,526.30 1 1
github.com/dpopsuev/parchment/protocol_admin.go:526.30,528.3 1 1
github.com/dpopsuev/parchment/protocol_admin.go:530.2,531.16 2 1
github.com/dpopsuev/parchment/protocol_admin.go:531.16,533.3 1 0
github.com/dpopsuev/parchment/protocol_admin.go:535.2,536.27 2 1
github.com/dpopsuev/parchment/protocol_admin.go:536.27,537.49 1 1
github.com/dpopsuev/parchment/protocol_admin.go:537.49,538.12 1 0
github.com/dpopsuev/parchment/protocol_admin.go:540.3,540.57 1 1
github.com/dpopsuev/parchment/protocol_admin.go:540.57,541.12 1 0
github.com/dpopsuev/parchment/protocol_admin.go:544.3,545.10 2 1
github.com/dpopsuev/parchment/protocol_admin.go:545.10,546.12 1 0
github.com/dpopsuev/parchment/protocol_admin.go:549.3,549.53 1 1
github.com/dpopsuev/parchment/protocol_admin.go:549.53,552.18 3 1
github.com/dpopsuev/parchment/protocol_admin.go:552.18,553.13 1 0
github.com/dpopsuev/parchment/protocol_admin.go:555.4,555.23 1 1
github.com/dpopsuev/parchment/protocol_admin.go:555.23,560.5 1 1
github.com/dpopsuev/parchment/protocol_admin.go:564.2,564.49 1 1
github.com/dpopsuev/parchment/protocol_admin.go:564.49,566.3 1 0
github.com/dpopsuev/parchment/protocol_admin.go:567.2,568.20 2 1
github.com/dpopsuev/parchment/protocol_admin.go:574.41,579.2 4 1
github.com/dpopsuev/parchment/protocol_admin.go:582.48,583.16 1 1
github.com/dpopsuev/parchment/protocol_admin.go:583.16,585.3 1 0
github.com/dpopsuev/parchment/protocol_admin.go:586.2,586.36 1 1
github.com/dpopsuev/parchment/protocol_admin.go:586.36,588.3 1 1
github.com/dpopsuev/parchment/protocol_admin.go:589.2,590.12 2 1
github.com/dpopsuev/parchment/protocol_admin.go:594.72,595.16 1 1
github.com/dpopsuev/parchment/protocol_admin.go:595.16,597.3 1 0
github.com/dpopsuev/parchment/protocol_admin.go:598.2,598.37 1 1
github.com/dpopsuev/parchment/protocol_admin.go:598.37,600.3 1 0
github.com/dpopsuev/parchment/protocol_admin.go:601.2,602.16 2 1
github.com/dpopsuev/parchment/protocol_admin.go:602.16,604.3 1 0
github.com/dpopsuev/parchment/protocol_admin.go:605.2,605.19 1 1
github.com/dpopsuev/parchment/protocol_admin.go:605.19,607.3 1 1
github.com/dpopsuev/parchment/protocol_admin.go:608.2,609.28 2 1
github.com/dpopsuev/parchment/protocol_admin.go:609.28,610.16 1 1
github.com/dpopsuev/parchment/protocol_admin.go:610.16,612.4 1 1
github.com/dpopsuev/parchment/protocol_admin.go:614.2,615.12 2 1
github.com/dpopsuev/parchment/protocol_admin.go:619.37,619.55 1 0
github.com/dpopsuev/parchment/protocol_admin.go:622.82,624.2 1 1
github.com/dpopsuev/parchment/protocol_admin.go:627.78,629.2 1 1
github.com/dpopsuev/parchment/protocol_admin.go:631.93,633.2 1 1
github.com/dpopsuev/parchment/protocol_admin.go:635.88,637.2 1 1
github.com/dpopsuev/parchment/protocol_admin.go:639.76,641.2 1 1
github.com/dpopsuev/parchment/protocol_admin.go:644.54,646.40 2 1
github.com/dpopsuev/parchment/protocol_admin.go:646.40,647.21 1 1
github.com/dpopsuev/parchment/protocol_admin.go:647.21,649.4 1 1
github.com/dpopsuev/parchment/protocol_admin.go:651.2,652.15 2 1
github.com/dpopsuev/parchment/protocol_admin.go:657.88,659.17 2 1
github.com/dpopsuev/parchment/protocol_admin.go:659.17,661.3 1 0
github.com/dpopsuev/parchment/protocol_admin.go:662.2,663.16 2 1
github.com/dpopsuev/parchment/protocol_admin.go:663.16,665.3 1 0
github.com/dpopsuev/parchment/protocol_admin.go:666.2,667.27 2 1
github.com/dpopsuev/parchment/protocol_admin.go:667.27,671.27 3 1
github.com/dpopsuev/parchment/protocol_admin.go:671.27,672.24 1 0
github.com/dpopsuev/parchment/protocol_admin.go:672.24,674.5 1 0
github.com/dpopsuev/parchment/protocol_admin.go:676.3,676.44 1 1
github.com/dpopsuev/parchment/protocol_admin.go:676.44,678.4 1 0
github.com/dpopsuev/parchment/protocol_admin.go:680.2,680.23 1 1
github.com/dpopsuev/parchment/protocol_admin.go:691.74,694.17 3 1
github.com/dpopsuev/parchment/protocol_admin.go:694.17,696.42 2 1
github.com/dpopsuev/parchment/protocol_admin.go:696.42,698.4 1 0
github.com/dpopsuev/parchment/protocol_admin.go:699.3,699.57 1 1
github.com/dpopsuev/parchment/protocol_admin.go:699.57,701.4 1 0
github.com/dpopsuev/parchment/protocol_admin.go:703.3,703.31 1 1
github.com/dpopsuev/parchment/protocol_admin.go:703.31,705.4 1 0
github.com/dpopsuev/parchment/protocol_admin.go:706.3,706.10 1 1
github.com/dpopsuev/parchment/protocol_admin.go:708.2,708.19 1 1
github.com/dpopsuev/parchment/protocol_admin.go:714.77,716.17 1 1
github.com/dpopsuev/parchment/protocol_admin.go:716.17,718.31 2 1
github.com/dpopsuev/parchment/protocol_admin.go:718.31,719.37 1 1
github.com/dpopsuev/parchment/protocol_admin.go:719.37,720.24 1 1
github.com/dpopsuev/parchment/protocol_admin.go:720.24,722.6 1 1
github.com/dpopsuev/parchment/protocol_admin.go:727.2,728.30 2 1
github.com/dpopsuev/parchment/protocol_admin.go:728.30,729.36 1 0
github.com/dpopsuev/parchment/protocol_admin.go:729.36,730.23 1 0
github.com/dpopsuev/parchment/protocol_admin.go:730.23,732.5 1 0
github.com/dpopsuev/parchment/protocol_admin.go:735.2,735.11 1 1
github.com/dpopsuev/parchment/protocol_admin.go:738.97,741.36 3 0
github.com/dpopsuev/parchment/protocol_admin.go:741.36,742.24 1 0
github.com/dpopsuev/parchment/protocol_admin.go:742.24,745.18 3 0
github.com/dpopsuev/parchment/protocol_admin.go:745.18,747.5 1 0
github.com/dpopsuev/parchment/protocol_admin.go:748.4,748.9 1 0
github.com/dpopsuev/parchment/protocol_admin.go:751.2,758.16 4 0
github.com/dpopsuev/parchment/protocol_admin.go:758.16,760.3 1 0
github.com/dpopsuev/parchment/protocol_admin.go:761.2,762.40 2 0
github.com/dpopsuev/parchment/protocol_admin.go:766.40,768.2 1 1
github.com/dpopsuev/parchment/protocol_admin.go:790.83,792.17 2 1
github.com/dpopsuev/parchment/protocol_admin.go:792.17,794.3 1 1
github.com/dpopsuev/parchment/protocol_admin.go:794.8,794.30 1 1
github.com/dpopsuev/parchment/protocol_admin.go:794.30,796.3 1 1
github.com/dpopsuev/parchment/protocol_admin.go:798.2,799.16 2 1
github.com/dpopsuev/parchment/protocol_admin.go:799.16,801.3 1 0
github.com/dpopsuev/parchment/protocol_admin.go:803.2,805.27 2 1
github.com/dpopsuev/parchment/protocol_admin.go:805.27,808.17 2 1
github.com/dpopsuev/parchment/protocol_admin.go:808.17,814.12 2 1
github.com/dpopsuev/parchment/protocol_admin.go:817.3,817.23 1 1
github.com/dpopsuev/parchment/protocol_admin.go:817.23,819.18 2 1
github.com/dpopsuev/parchment/protocol_admin.go:819.18,820.70 1 1
github.com/dpopsuev/parchment/protocol_admin.go:820.70,826.6 1 1
github.com/dpopsuev/parchment/protocol_admin.go:830.3,830.39 1 1
github.com/dpopsuev/parchment/protocol_admin.go:830.39,831.36 1 0
github.com/dpopsuev/parchment/protocol_admin.go:831.36,837.13 2 0
github.com/dpopsuev/parchment/protocol_admin.go:839.4,839.38 1 0
github.com/dpopsuev/parchment/protocol_admin.go:839.38,840.53 1 0
github.com/dpopsuev/parchment/protocol_admin.go:840.53,846.6 1 0
github.com/dpopsuev/parchment/protocol_admin.go:848.4,848.57 1 0
github.com/dpopsuev/parchment/protocol_admin.go:848.57,849.33 1 0
github.com/dpopsuev/parchment/protocol_admin.go:849.33,851.20 2 0
github.com/dpopsuev/parchment/protocol_admin.go:851.20,852.15 1 0
github.com/dpopsuev/parchment/protocol_admin.go:854.6,854.53 1 0
github.com/dpopsuev/parchment/protocol_admin.go:854.53,861.7 1 0
github.com/dpopsuev/parchment/protocol_admin.go:866.3,866.56 1 1
github.com/dpopsuev/parchment/protocol_admin.go:866.56,867.39 1 0
github.com/dpopsuev/parchment/protocol_admin.go:867.39,868.13 1 0
github.com/dpopsuev/parchment/protocol_admin.go:870.4,871.18 2 0
github.com/dpopsuev/parchment/protocol_admin.go:871.18,872.13 1 0
github.com/dpopsuev/parchment/protocol_admin.go:874.4,874.23 1 0
github.com/dpopsuev/parchment/protocol_admin.go:874.23,880.5 1 0
github.com/dpopsuev/parchment/protocol_admin.go:883.3,883.53 1 1
github.com/dpopsuev/parchment/protocol_admin.go:883.53,886.37 3 0
github.com/dpopsuev/parchment/protocol_admin.go:886.37,888.5 1 0
github.com/dpopsuev/parchment/protocol_admin.go:889.4,889.44 1 0
github.com/dpopsuev/parchment/protocol_admin.go:889.44,890.23 1 0
github.com/dpopsuev/parchment/protocol_admin.go:890.23,896.6 1 0
github.com/dpopsuev/parchment/protocol_admin.go:904.2,904.27 1 1
github.com/dpopsuev/parchment/protocol_admin.go:904.27,907.17 3 1
github.com/dpopsuev/parchment/protocol_admin.go:907.17,908.20 1 1
github.com/dpopsuev/parchment/protocol_admin.go:908.20,914.10 2 0
github.com/dpopsuev/parchment/protocol_admin.go:916.4,918.18 3 1
github.com/dpopsuev/parchment/protocol_admin.go:918.18,919.10 1 0
github.com/dpopsuev/parchment/protocol_admin.go:921.4,921.23 1 1
github.com/dpopsuev/parchment/protocol_admin.go:926.2,927.27 2 1
github.com/dpopsuev/parchment/protocol_admin.go:927.27,928.38 1 1
github.com/dpopsuev/parchment/protocol_admin.go:928.38,929.12 1 1
github.com/dpopsuev/parchment/protocol_admin.go:931.3,931.67 1 1
github.com/dpopsuev/parchment/protocol_admin.go:931.67,937.4 1 0
github.com/dpopsuev/parchment/protocol_admin.go:941.2,941.27 1 1
github.com/dpopsuev/parchment/protocol_admin.go:941.27,942.38 1 1
github.com/dpopsuev/parchment/protocol_admin.go:942.38,943.12 1 1
github.com/dpopsuev/parchment/protocol_admin.go:945.3,945.55 1 1
github.com/dpopsuev/parchment/protocol_admin.go:945.55,946.12 1 1
github.com/dpopsuev/parchment/protocol_admin.go:948.3,949.25 2 1
github.com/dpopsuev/parchment/protocol_admin.go:949.25,950.12 1 1
github.com/dpopsuev/parchment/protocol_admin.go:952.3,953.31 2 1
github.com/dpopsuev/parchment/protocol_admin.go:953.31,954.39 1 1
github.com/dpopsuev/parchment/protocol_admin.go:954.39,956.10 2 0
github.com/dpopsuev/parchment/protocol_admin.go:959.3,959.18 1 1
github.com/dpopsuev/parchment/protocol_admin.go:959.18,965.4 1 1
github.com/dpopsuev/parchment/protocol_admin.go:969.2,969.27 1 1
github.com/dpopsuev/parchment/protocol_admin.go:969.27,970.38 1 1
github.com/dpopsuev/parchment/protocol_admin.go:970.38,971.12 1 1
github.com/dpopsuev/parchment/protocol_admin.go:973.3,973.50 1 1
github.com/dpopsuev/parchment/protocol_admin.go:973.50,975.23 2 0
github.com/dpopsuev/parchment/protocol_admin.go:975.23,981.5 1 0
github.com/dpopsuev/parchment/protocol_admin.go:986.2,988.27 3 1
github.com/dpopsuev/parchment/protocol_admin.go:988.27,989.38 1 1
github.com/dpopsuev/parchment/protocol_admin.go:989.38,990.12 1 1
github.com/dpopsuev/parchment/protocol_admin.go:992.3,993.54 2 1
github.com/dpopsuev/parchment/protocol_admin.go:995.2,995.36 1 1
github.com/dpopsuev/parchment/protocol_admin.go:995.36,996.19 1 1
github.com/dpopsuev/parchment/protocol_admin.go:996.19,1002.4 1 1
github.com/dpopsuev/parchment/protocol_admin.go:1006.2,1006.27 1 1
github.com/dpopsuev/parchment/protocol_admin.go:1006.27,1007.32 1 1
github.com/dpopsuev/parchment/protocol_admin.go:1007.32,1008.12 1 1
github.com/dpopsuev/parchment/protocol_admin.go:1010.3,1010.83 1 1
github.com/dpopsuev/parchment/protocol_admin.go:1010.83,1011.12 1 1
github.com/dpopsuev/parchment/protocol_admin.go:1013.3,1013.51 1 1
github.com/dpopsuev/parchment/protocol_admin.go:1013.51,1014.12 1 0
github.com/dpopsuev/parchment/protocol_admin.go:1016.3,1016.67 1 1
github.com/dpopsuev/parchment/protocol_admin.go:1016.67,1018.23 2 1
github.com/dpopsuev/parchment/protocol_admin.go:1018.23,1024.5 1 1
github.com/dpopsuev/parchment/protocol_admin.go:1028.2,1028.52 1 1
github.com/dpopsuev/parchment/protocol_admin.go:1028.52,1030.3 1 0
github.com/dpopsuev/parchment/protocol_admin.go:1031.2,1033.20 3 1
github.com/dpopsuev/parchment/protocol_admin.go:1041.96,1043.16 2 1
github.com/dpopsuev/parchment/protocol_admin.go:1043.16,1045.3 1 0
github.com/dpopsuev/parchment/protocol_admin.go:1047.2,1048.38 2 1
github.com/dpopsuev/parchment/protocol_admin.go:1048.38,1049.21 1 1
github.com/dpopsuev/parchment/protocol_admin.go:1050.27,1052.18 2 0
github.com/dpopsuev/parchment/protocol_admin.go:1052.18,1053.13 1 0
github.com/dpopsuev/parchment/protocol_admin.go:1055.4,1056.40 2 0
github.com/dpopsuev/parchment/protocol_admin.go:1056.40,1057.37 1 0
github.com/dpopsuev/parchment/protocol_admin.go:1057.37,1061.14 4 0
github.com/dpopsuev/parchment/protocol_admin.go:1063.5,1064.39 2 0
github.com/dpopsuev/parchment/protocol_admin.go:1064.39,1065.54 1 0
github.com/dpopsuev/parchment/protocol_admin.go:1065.54,1069.15 4 0
github.com/dpopsuev/parchment/protocol_admin.go:1072.5,1072.58 1 0
github.com/dpopsuev/parchment/protocol_admin.go:1072.58,1074.34 2 0
github.com/dpopsuev/parchment/protocol_admin.go:1074.34,1076.21 2 0
github.com/dpopsuev/parchment/protocol_admin.go:1076.21,1078.16 2 0
github.com/dpopsuev/parchment/protocol_admin.go:1080.7,1080.53 1 0
github.com/dpopsuev/parchment/protocol_admin.go:1080.53,1082.8 1 0
github.com/dpopsuev/parchment/protocol_admin.go:1082.13,1084.8 1 0
github.com/dpopsuev/parchment/protocol_admin.go:1086.6,1086.35 1 0
github.com/dpopsuev/parchment/protocol_admin.go:1086.35,1089.7 2 0
github.com/dpopsuev/parchment/protocol_admin.go:1092.4,1092.15 1 0
github.com/dpopsuev/parchment/protocol_admin.go:1092.15,1094.5 1 0
github.com/dpopsuev/parchment/protocol_admin.go:1096.41,1098.18 2 1
github.com/dpopsuev/parchment/protocol_admin.go:1098.18,1099.13 1 0
github.com/dpopsuev/parchment/protocol_admin.go:1101.4,1102.48 2 1
github.com/dpopsuev/parchment/protocol_admin.go:1102.48,1104.5 1 1
github.com/dpopsuev/parchment/protocol_admin.go:1108.2,1108.27 1 1
github.com/dpopsuev/parchment/protocol_admin.go:1121.73,1125.16 3 0
github.com/dpopsuev/parchment/protocol_admin.go:1125.16,1127.3 1 0
github.com/dpopsuev/parchment/protocol_admin.go:1128.2,1130.20 3 0
github.com/dpopsuev/parchment/protocol_crud.go:13.108,15.16 2 1
github.com/dpopsuev/parchment/protocol_crud.go:15.16,17.3 1 0
github.com/dpopsuev/parchment/protocol_crud.go:18.2,20.16 3 1
github.com/dpopsuev/parchment/protocol_crud.go:20.16,24.22 3 0
github.com/dpopsuev/parchment/protocol_crud.go:24.22,26.4 1 0
github.com/dpopsuev/parchment/protocol_crud.go:27.3,27.57 1 0
github.com/dpopsuev/parchment/protocol_crud.go:29.2,30.17 2 1
github.com/dpopsuev/parchment/protocol_crud.go:55.91,56.20 1 1
github.com/dpopsuev/parchment/protocol_crud.go:56.20,58.3 1 1
github.com/dpopsuev/parchment/protocol_crud.go:59.2,59.55 1 1
github.com/dpopsuev/parchment/protocol_crud.go:59.55,61.3 1 1
github.com/dpopsuev/parchment/protocol_crud.go:62.2,62.63 1 1
github.com/dpopsuev/parchment/protocol_crud.go:62.63,64.3 1 1
github.com/dpopsuev/parchment/protocol_crud.go:65.2,65.21 1 1
github.com/dpopsuev/parchment/protocol_crud.go:65.21,66.61 1 1
github.com/dpopsuev/parchment/protocol_crud.go:66.61,67.68 1 1
github.com/dpopsuev/parchment/protocol_crud.go:67.68,69.5 1 0
github.com/dpopsuev/parchment/protocol_crud.go:71.3,71.67 1 1
github.com/dpopsuev/parchment/protocol_crud.go:71.67,73.4 1 0
github.com/dpopsuev/parchment/protocol_crud.go:75.2,76.16 2 1
github.com/dpopsuev/parchment/protocol_crud.go:76.16,78.3 1 1
github.com/dpopsuev/parchment/protocol_crud.go:80.2,80.46 1 1
github.com/dpopsuev/parchment/protocol_crud.go:80.46,81.85 1 0
github.com/dpopsuev/parchment/protocol_crud.go:81.85,83.4 1 0
github.com/dpopsuev/parchment/protocol_crud.go:84.3,84.56 1 0
github.com/dpopsuev/parchment/protocol_crud.go:84.56,86.4 1 0
github.com/dpopsuev/parchment/protocol_crud.go:89.2,89.21 1 1
github.com/dpopsuev/parchment/protocol_crud.go:89.21,90.61 1 1
github.com/dpopsuev/parchment/protocol_crud.go:90.61,91.50 1 1
github.com/dpopsuev/parchment/protocol_crud.go:91.50,93.5 1 0
github.com/dpopsuev/parchment/protocol_crud.go:96.2,97.25 2 1
github.com/dpopsuev/parchment/protocol_crud.go:97.25,99.3 1 1
github.com/dpopsuev/parchment/protocol_crud.go:99.8,99.51 1 1
github.com/dpopsuev/parchment/protocol_crud.go:99.51,101.17 2 0
github.com/dpopsuev/parchment/protocol_crud.go:101.17,103.4 1 0
github.com/dpopsuev/parchment/protocol_crud.go:104.8,104.54 1 1
github.com/dpopsuev/parchment/protocol_crud.go:104.54,105.18 1 1
github.com/dpopsuev/parchment/protocol_crud.go:105.18,108.18 3 0
github.com/dpopsuev/parchment/protocol_crud.go:108.18,110.5 1 0
github.com/dpopsuev/parchment/protocol_crud.go:111.9,113.18 2 1
github.com/dpopsuev/parchment/protocol_crud.go:113.18,115.5 1 0
github.com/dpopsuev/parchment/protocol_crud.go:116.4,118.18 3 1
github.com/dpopsuev/parchment/protocol_crud.go:118.18,120.5 1 0
github.com/dpopsuev/parchment/protocol_crud.go:122.8,124.19 2 1
github.com/dpopsuev/parchment/protocol_crud.go:124.19,126.4 1 1
github.com/dpopsuev/parchment/protocol_crud.go:127.3,128.17 2 1
github.com/dpopsuev/parchment/protocol_crud.go:128.17,130.4 1 0
github.com/dpopsuev/parchment/protocol_crud.go:132.2,133.18 2 1
github.com/dpopsuev/parchment/protocol_crud.go:133.18,135.3 1 1
github.com/dpopsuev/parchment/protocol_crud.go:136.2,145.24 2 1
github.com/dpopsuev/parchment/protocol_crud.go:145.24,146.67 1 0
github.com/dpopsuev/parchment/protocol_crud.go:146.67,148.4 1 0
github.com/dpopsuev/parchment/protocol_crud.go:150.2,150.23 1 1
github.com/dpopsuev/parchment/protocol_crud.go:150.23,152.34 2 1
github.com/dpopsuev/parchment/protocol_crud.go:152.34,154.4 1 1
github.com/dpopsuev/parchment/protocol_crud.go:155.3,155.36 1 1
github.com/dpopsuev/parchment/protocol_crud.go:155.36,156.37 1 1
github.com/dpopsuev/parchment/protocol_crud.go:156.37,158.5 1 1
github.com/dpopsuev/parchment/protocol_crud.go:158.10,160.5 1 1
github.com/dpopsuev/parchment/protocol_crud.go:164.2,165.44 2 1
github.com/dpopsuev/parchment/protocol_crud.go:165.44,167.3 1 1
github.com/dpopsuev/parchment/protocol_crud.go:169.2,169.17 1 1
github.com/dpopsuev/parchment/protocol_crud.go:169.17,171.60 1 1
github.com/dpopsuev/parchment/protocol_crud.go:171.60,172.73 1 1
github.com/dpopsuev/parchment/protocol_crud.go:172.73,173.25 1 1
github.com/dpopsuev/parchment/protocol_crud.go:173.25,175.6 1 1
github.com/dpopsuev/parchment/protocol_crud.go:176.5,178.70 2 1
github.com/dpopsuev/parchment/protocol_crud.go:182.3,182.45 1 1
github.com/dpopsuev/parchment/protocol_crud.go:182.45,183.57 1 1
github.com/dpopsuev/parchment/protocol_crud.go:183.57,185.65 2 1
github.com/dpopsuev/parchment/protocol_crud.go:185.65,187.6 1 1
github.com/dpopsuev/parchment/protocol_crud.go:188.5,188.57 1 1
github.com/dpopsuev/parchment/protocol_crud.go:188.57,190.6 1 0
github.com/dpopsuev/parchment/protocol_crud.go:191.5,191.17 1 1
github.com/dpopsuev/parchment/protocol_crud.go:191.17,193.6 1 0
github.com/dpopsuev/parchment/protocol_crud.go:197.3,197.68 1 1
github.com/dpopsuev/parchment/protocol_crud.go:197.68,199.61 1 1
github.com/dpopsuev/parchment/protocol_crud.go:199.61,201.5 1 1
github.com/dpopsuev/parchment/protocol_crud.go:202.4,202.19 1 0
github.com/dpopsuev/parchment/protocol_crud.go:205.3,205.100 1 1
github.com/dpopsuev/parchment/protocol_crud.go:205.100,206.31 1 1
github.com/dpopsuev/parchment/protocol_crud.go:206.31,207.63 1 1
github.com/dpopsuev/parchment/protocol_crud.go:207.63,210.6 1 1
github.com/dpopsuev/parchment/protocol_crud.go:214.2,214.46 1 1
github.com/dpopsuev/parchment/protocol_crud.go:214.46,216.3 1 0
github.com/dpopsuev/parchment/protocol_crud.go:219.2,219.34 1 1
github.com/dpopsuev/parchment/protocol_crud.go:219.34,221.3 1 1
github.com/dpopsuev/parchment/protocol_crud.go:223.2,223.17 1 1
github.com/dpopsuev/parchment/protocol_crud.go:226.83,228.2 1 1
github.com/dpopsuev/parchment/protocol_crud.go:230.85,231.54 1 1
github.com/dpopsuev/parchment/protocol_crud.go:231.54,233.17 2 1
github.com/dpopsuev/parchment/protocol_crud.go:233.17,235.4 1 0
github.com/dpopsuev/parchment/protocol_crud.go:236.3,236.39 1 1
github.com/dpopsuev/parchment/protocol_crud.go:236.39,238.4 1 1
github.com/dpopsuev/parchment/protocol_crud.go:240.2,240.32 1 1
github.com/dpopsuev/parchment/protocol_crud.go:267.90,269.20 1 1
github.com/dpopsuev/parchment/protocol_crud.go:269.20,270.64 1 1
github.com/dpopsuev/parchment/protocol_crud.go:270.64,272.4 1 0
github.com/dpopsuev/parchment/protocol_crud.go:274.2,274.28 1 1
github.com/dpopsuev/parchment/protocol_crud.go:274.28,275.72 1 1
github.com/dpopsuev/parchment/protocol_crud.go:275.72,277.4 1 0
github.com/dpopsuev/parchment/protocol_crud.go:279.2,279.19 1 1
github.com/dpopsuev/parchment/protocol_crud.go:279.19,280.63 1 1
github.com/dpopsuev/parchment/protocol_crud.go:280.63,282.4 1 0
github.com/dpopsuev/parchment/protocol_crud.go:285.2,301.20 2 1
github.com/dpopsuev/parchment/protocol_crud.go:301.20,303.3 1 1
github.com/dpopsuev/parchment/protocol_crud.go:303.8,303.30 1 1
github.com/dpopsuev/parchment/protocol_crud.go:303.30,305.3 1 1
github.com/dpopsuev/parchment/protocol_crud.go:306.2,307.29 2 1
github.com/dpopsuev/parchment/protocol_crud.go:310.76,312.29 2 1
github.com/dpopsuev/parchment/protocol_crud.go:312.29,314.3 1 0
github.com/dpopsuev/parchment/protocol_crud.go:315.2,315.31 1 1
github.com/dpopsuev/parchment/protocol_crud.go:315.31,317.3 1 0
github.com/dpopsuev/parchment/protocol_crud.go:318.2,318.36 1 1
github.com/dpopsuev/parchment/protocol_crud.go:318.36,320.3 1 0
github.com/dpopsuev/parchment/protocol_crud.go:321.2,321.25 1 1
github.com/dpopsuev/parchment/protocol_crud.go:321.25,323.3 1 1
github.com/dpopsuev/parchment/protocol_crud.go:324.2,325.31 2 0
github.com/dpopsuev/parchment/protocol_crud.go:325.31,327.36 2 0
github.com/dpopsuev/parchment/protocol_crud.go:327.36,329.4 1 0
github.com/dpopsuev/parchment/protocol_crud.go:331.2,331.18 1 0
github.com/dpopsuev/parchment/protocol_crud.go:331.18,333.3 1 0
github.com/dpopsuev/parchment/protocol_crud.go:336.106,337.17 1 1
github.com/dpopsuev/parchment/protocol_crud.go:337.17,339.3 1 1
github.com/dpopsuev/parchment/protocol_crud.go:342.2,343.38 2 1
github.com/dpopsuev/parchment/protocol_crud.go:343.38,345.29 2 1
github.com/dpopsuev/parchment/protocol_crud.go:345.29,347.18 2 1
github.com/dpopsuev/parchment/protocol_crud.go:347.18,348.13 1 0
github.com/dpopsuev/parchment/protocol_crud.go:351.4,351.44 1 1
github.com/dpopsuev/parchment/protocol_crud.go:351.44,352.13 1 1
github.com/dpopsuev/parchment/protocol_crud.go:354.4,354.50 1 1
github.com/dpopsuev/parchment/protocol_crud.go:354.50,355.13 1 0
github.com/dpopsuev/parchment/protocol_crud.go:357.4,357.47 1 1
github.com/dpopsuev/parchment/protocol_crud.go:357.47,358.13 1 0
github.com/dpopsuev/parchment/protocol_crud.go:360.4,360.84 1 1
github.com/dpopsuev/parchment/protocol_crud.go:360.84,361.13 1 0
github.com/dpopsuev/parchment/protocol_crud.go:363.4,363.34 1 1
github.com/dpopsuev/parchment/protocol_crud.go:365.3,365.22 1 1
github.com/dpopsuev/parchment/protocol_crud.go:369.2,370.20 2 1
github.com/dpopsuev/parchment/protocol_crud.go:370.20,372.3 1 0
github.com/dpopsuev/parchment/protocol_crud.go:372.8,372.30 1 1
github.com/dpopsuev/parchment/protocol_crud.go:372.30,374.3 1 1
github.com/dpopsuev/parchment/protocol_crud.go:375.2,376.16 2 1
github.com/dpopsuev/parchment/protocol_crud.go:376.16,378.3 1 0
github.com/dpopsuev/parchment/protocol_crud.go:379.2,381.27 3 1
github.com/dpopsuev/parchment/protocol_crud.go:381.27,382.27 1 1
github.com/dpopsuev/parchment/protocol_crud.go:382.27,384.4 1 0
github.com/dpopsuev/parchment/protocol_crud.go:386.2,386.21 1 1
github.com/dpopsuev/parchment/protocol_crud.go:389.49,390.53 1 1
github.com/dpopsuev/parchment/protocol_crud.go:390.53,392.3 1 0
github.com/dpopsuev/parchment/protocol_crud.go:393.2,393.52 1 1
github.com/dpopsuev/parchment/protocol_crud.go:393.52,395.3 1 0
github.com/dpopsuev/parchment/protocol_crud.go:396.2,396.35 1 1
github.com/dpopsuev/parchment/protocol_crud.go:396.35,397.53 1 1
github.com/dpopsuev/parchment/protocol_crud.go:397.53,399.4 1 0
github.com/dpopsuev/parchment/protocol_crud.go:401.2,401.30 1 1
github.com/dpopsuev/parchment/protocol_crud.go:401.30,402.58 1 0
github.com/dpopsuev/parchment/protocol_crud.go:402.58,404.4 1 0
github.com/dpopsuev/parchment/protocol_crud.go:406.2,406.14 1 1
github.com/dpopsuev/parchment/protocol_crud.go:414.92,415.28 1 1
github.com/dpopsuev/parchment/protocol_crud.go:415.28,417.3 1 1
github.com/dpopsuev/parchment/protocol_crud.go:418.2,419.16 2 1
github.com/dpopsuev/parchment/protocol_crud.go:419.16,421.3 1 0
github.com/dpopsuev/parchment/protocol_crud.go:422.2,422.73 1 1
github.com/dpopsuev/parchment/protocol_crud.go:422.73,424.3 1 1
github.com/dpopsuev/parchment/protocol_crud.go:425.2,426.35 2 1
github.com/dpopsuev/parchment/protocol_crud.go:426.35,427.23 1 1
github.com/dpopsuev/parchment/protocol_crud.go:427.23,430.9 3 1
github.com/dpopsuev/parchment/protocol_crud.go:433.2,433.15 1 1
github.com/dpopsuev/parchment/protocol_crud.go:433.15,435.3 1 1
github.com/dpopsuev/parchment/protocol_crud.go:439.2,439.22 1 1
github.com/dpopsuev/parchment/protocol_crud.go:439.22,441.3 1 1
github.com/dpopsuev/parchment/protocol_crud.go:443.2,443.46 1 1
github.com/dpopsuev/parchment/protocol_crud.go:443.46,445.3 1 0
github.com/dpopsuev/parchment/protocol_crud.go:446.2,446.22 1 1
github.com/dpopsuev/parchment/protocol_crud.go:449.85,450.28 1 1
github.com/dpopsuev/parchment/protocol_crud.go:450.28,452.3 1 1
github.com/dpopsuev/parchment/protocol_crud.go:453.2,454.16 2 1
github.com/dpopsuev/parchment/protocol_crud.go:454.16,456.3 1 0
github.com/dpopsuev/parchment/protocol_crud.go:457.2,457.35 1 1
github.com/dpopsuev/parchment/protocol_crud.go:457.35,458.23 1 1
github.com/dpopsuev/parchment/protocol_crud.go:458.23,460.4 1 1
github.com/dpopsuev/parchment/protocol_crud.go:462.2,462.63 1 1
github.com/dpopsuev/parchment/protocol_crud.go:467.86,468.28 1 1
github.com/dpopsuev/parchment/protocol_crud.go:468.28,470.3 1 1
github.com/dpopsuev/parchment/protocol_crud.go:471.2,472.16 2 1
github.com/dpopsuev/parchment/protocol_crud.go:472.16,474.3 1 0
github.com/dpopsuev/parchment/protocol_crud.go:475.2,475.73 1 1
github.com/dpopsuev/parchment/protocol_crud.go:475.73,477.3 1 1
github.com/dpopsuev/parchment/protocol_crud.go:478.2,478.52 1 1
github.com/dpopsuev/parchment/protocol_crud.go:478.52,480.53 2 1
github.com/dpopsuev/parchment/protocol_crud.go:480.53,482.4 1 1
github.com/dpopsuev/parchment/protocol_crud.go:484.2,485.35 2 1
github.com/dpopsuev/parchment/protocol_crud.go:485.35,486.23 1 1
github.com/dpopsuev/parchment/protocol_crud.go:486.23,488.9 2 1
github.com/dpopsuev/parchment/protocol_crud.go:491.2,491.13 1 1
github.com/dpopsuev/parchment/protocol_crud.go:491.13,493.3 1 1
github.com/dpopsuev/parchment/protocol_crud.go:494.2,495.46 2 1
github.com/dpopsuev/parchment/protocol_crud.go:495.46,497.3 1 0
github.com/dpopsuev/parchment/protocol_crud.go:498.2,498.18 1 1
github.com/dpopsuev/parchment/protocol_crud.go:504.101,505.20 1 1
github.com/dpopsuev/parchment/protocol_crud.go:505.20,507.3 1 1
github.com/dpopsuev/parchment/protocol_crud.go:509.2,509.48 1 1
github.com/dpopsuev/parchment/protocol_crud.go:509.48,510.21 1 1
github.com/dpopsuev/parchment/protocol_crud.go:510.21,511.83 1 0
github.com/dpopsuev/parchment/protocol_crud.go:511.83,513.5 1 0
github.com/dpopsuev/parchment/protocol_crud.go:515.3,515.17 1 1
github.com/dpopsuev/parchment/protocol_crud.go:517.2,517.20 1 1
github.com/dpopsuev/parchment/protocol_crud.go:517.20,518.82 1 0
github.com/dpopsuev/parchment/protocol_crud.go:518.82,520.4 1 0
github.com/dpopsuev/parchment/protocol_crud.go:522.2,522.24 1 1
github.com/dpopsuev/parchment/protocol_crud.go:522.24,524.3 1 1
github.com/dpopsuev/parchment/protocol_crud.go:525.2,526.23 2 1
github.com/dpopsuev/parchment/protocol_crud.go:526.23,528.3 1 1
github.com/dpopsuev/parchment/protocol_crud.go:529.2,529.74 1 1
github.com/dpopsuev/parchment/protocol_crud.go:532.87,533.17 1 1
github.com/dpopsuev/parchment/protocol_crud.go:533.17,535.3 1 0
github.com/dpopsuev/parchment/protocol_crud.go:536.2,536.39 1 1
github.com/dpopsuev/parchment/protocol_crud.go:536.39,538.3 1 1
github.com/dpopsuev/parchment/protocol_crud.go:539.2,540.16 2 0
github.com/dpopsuev/parchment/protocol_crud.go:540.16,542.3 1 0
github.com/dpopsuev/parchment/protocol_crud.go:543.2,543.15 1 0
github.com/dpopsuev/parchment/protocol_crud.go:543.15,545.3 1 0
github.com/dpopsuev/parchment/protocol_crud.go:546.2,547.32 2 0
github.com/dpopsuev/parchment/protocol_crud.go:547.32,549.3 1 0
github.com/dpopsuev/parchment/protocol_crud.go:550.2,551.27 2 0
github.com/dpopsuev/parchment/protocol_crud.go:551.27,553.3 1 0
github.com/dpopsuev/parchment/protocol_crud.go:554.2,555.67 2 0
github.com/dpopsuev/parchment/protocol_crud.go:555.67,557.3 1 0
github.com/dpopsuev/parchment/protocol_crud.go:558.2,558.17 1 0
github.com/dpopsuev/parchment/protocol_crud.go:561.56,562.39 1 1
github.com/dpopsuev/parchment/protocol_crud.go:562.39,564.3 1 0
github.com/dpopsuev/parchment/protocol_crud.go:565.2,565.32 1 1
github.com/dpopsuev/parchment/protocol_crud.go:582.90,583.20 1 1
github.com/dpopsuev/parchment/protocol_crud.go:583.20,585.3 1 1
github.com/dpopsuev/parchment/protocol_crud.go:586.2,587.20 2 1
github.com/dpopsuev/parchment/protocol_crud.go:587.20,589.3 1 0
github.com/dpopsuev/parchment/protocol_crud.go:590.2,591.16 2 1
github.com/dpopsuev/parchment/protocol_crud.go:591.16,593.3 1 0
github.com/dpopsuev/parchment/protocol_crud.go:595.2,596.16 2 1
github.com/dpopsuev/parchment/protocol_crud.go:596.16,598.3 1 0
github.com/dpopsuev/parchment/protocol_crud.go:599.2,600.31 2 1
github.com/dpopsuev/parchment/protocol_crud.go:600.31,602.47 2 1
github.com/dpopsuev/parchment/protocol_crud.go:602.47,604.4 1 0
github.com/dpopsuev/parchment/protocol_crud.go:605.3,605.35 1 1
github.com/dpopsuev/parchment/protocol_crud.go:608.2,610.16 3 1
github.com/dpopsuev/parchment/protocol_crud.go:610.16,612.3 1 0
github.com/dpopsuev/parchment/protocol_crud.go:613.2,617.47 2 1
github.com/dpopsuev/parchment/protocol_crud.go:617.47,619.3 1 0
github.com/dpopsuev/parchment/protocol_crud.go:621.2,622.20 2 1
github.com/dpopsuev/parchment/protocol_crud.go:622.20,624.3 1 1
github.com/dpopsuev/parchment/protocol_crud.go:625.2,627.16 3 1
github.com/dpopsuev/parchment/protocol_crud.go:627.16,629.3 1 0
github.com/dpopsuev/parchment/protocol_crud.go:630.2,635.47 2 1
github.com/dpopsuev/parchment/protocol_crud.go:635.47,637.3 1 0
github.com/dpopsuev/parchment/protocol_crud.go:638.2,638.72 1 1
github.com/dpopsuev/parchment/protocol_crud.go:641.103,642.19 1 1
github.com/dpopsuev/parchment/protocol_crud.go:642.19,644.3 1 1
github.com/dpopsuev/parchment/protocol_crud.go:645.2,646.25 2 1
github.com/dpopsuev/parchment/protocol_crud.go:646.25,647.59 1 1
github.com/dpopsuev/parchment/protocol_crud.go:647.59,649.12 2 1
github.com/dpopsuev/parchment/protocol_crud.go:651.3,651.54 1 1
github.com/dpopsuev/parchment/protocol_crud.go:653.2,653.21 1 1
github.com/dpopsuev/parchment/protocol_crud.go:657.97,658.19 1 1
github.com/dpopsuev/parchment/protocol_crud.go:658.19,660.3 1 1
github.com/dpopsuev/parchment/protocol_crud.go:661.2,662.25 2 1
github.com/dpopsuev/parchment/protocol_crud.go:662.25,664.17 2 1
github.com/dpopsuev/parchment/protocol_crud.go:664.17,666.12 2 0
github.com/dpopsuev/parchment/protocol_crud.go:668.3,668.39 1 1
github.com/dpopsuev/parchment/protocol_crud.go:668.39,670.12 2 1
github.com/dpopsuev/parchment/protocol_crud.go:672.3,673.47 2 1
github.com/dpopsuev/parchment/protocol_crud.go:673.47,675.12 2 0
github.com/dpopsuev/parchment/protocol_crud.go:677.3,678.14 2 1
github.com/dpopsuev/parchment/protocol_crud.go:678.14,680.32 2 1
github.com/dpopsuev/parchment/protocol_crud.go:680.32,681.39 1 1
github.com/dpopsuev/parchment/protocol_crud.go:681.39,684.6 2 1
github.com/dpopsuev/parchment/protocol_crud.go:688.2,688.21 1 1
github.com/dpopsuev/parchment/protocol_crud.go:691.86,693.16 2 1
github.com/dpopsuev/parchment/protocol_crud.go:693.16,695.3 1 0
github.com/dpopsuev/parchment/protocol_crud.go:696.2,696.37 1 1
github.com/dpopsuev/parchment/protocol_crud.go:696.37,698.3 1 1
github.com/dpopsuev/parchment/protocol_crud.go:699.2,700.16 2 1
github.com/dpopsuev/parchment/protocol_crud.go:700.16,702.3 1 0
github.com/dpopsuev/parchment/protocol_crud.go:703.2,703.13 1 1
github.com/dpopsuev/parchment/protocol_crud.go:703.13,704.31 1 1
github.com/dpopsuev/parchment/protocol_crud.go:704.31,705.60 1 1
github.com/dpopsuev/parchment/protocol_crud.go:705.60,707.5 1 0
github.com/dpopsuev/parchment/protocol_crud.go:709.8,710.31 1 1
github.com/dpopsuev/parchment/protocol_crud.go:710.31,711.39 1 1
github.com/dpopsuev/parchment/protocol_crud.go:711.39,713.5 1 1
github.com/dpopsuev/parchment/protocol_crud.go:716.2,717.30 2 1
github.com/dpopsuev/parchment/protocol_crud.go:732.56,734.68 2 1
github.com/dpopsuev/parchment/protocol_crud.go:734.68,736.3 1 0
github.com/dpopsuev/parchment/protocol_crud.go:738.2,739.41 2 1
github.com/dpopsuev/parchment/protocol_crud.go:739.41,741.3 1 0
github.com/dpopsuev/parchment/protocol_crud.go:743.2,743.27 1 1
github.com/dpopsuev/parchment/protocol_crud.go:743.27,744.23 1 1
github.com/dpopsuev/parchment/protocol_crud.go:744.23,745.12 1 0
github.com/dpopsuev/parchment/protocol_crud.go:748.3,749.51 2 1
github.com/dpopsuev/parchment/protocol_crud.go:749.51,751.4 1 1
github.com/dpopsuev/parchment/protocol_crud.go:752.3,752.32 1 1
github.com/dpopsuev/parchment/protocol_crud.go:752.32,755.4 2 1
github.com/dpopsuev/parchment/protocol_graph.go:29.101,30.19 1 1
github.com/dpopsuev/parchment/protocol_graph.go:30.19,32.3 1 1
github.com/dpopsuev/parchment/protocol_graph.go:33.2,33.25 1 0
github.com/dpopsuev/parchment/protocol_graph.go:33.25,35.3 1 0
github.com/dpopsuev/parchment/protocol_graph.go:36.2,38.6 3 0
github.com/dpopsuev/parchment/protocol_graph.go:38.6,40.37 2 0
github.com/dpopsuev/parchment/protocol_graph.go:40.37,42.4 1 0
github.com/dpopsuev/parchment/protocol_graph.go:43.3,44.28 2 0
github.com/dpopsuev/parchment/protocol_graph.go:44.28,46.4 1 0
github.com/dpopsuev/parchment/protocol_graph.go:47.3,47.19 1 0
github.com/dpopsuev/parchment/protocol_graph.go:56.86,57.16 1 1
github.com/dpopsuev/parchment/protocol_graph.go:57.16,59.3 1 1
github.com/dpopsuev/parchment/protocol_graph.go:60.2,62.80 3 1
github.com/dpopsuev/parchment/protocol_graph.go:62.80,64.19 2 1
github.com/dpopsuev/parchment/protocol_graph.go:64.19,67.4 2 1
github.com/dpopsuev/parchment/protocol_graph.go:68.3,68.14 1 1
github.com/dpopsuev/parchment/protocol_graph.go:70.2,70.11 1 1
github.com/dpopsuev/parchment/protocol_graph.go:70.11,72.3 1 1
github.com/dpopsuev/parchment/protocol_graph.go:73.2,73.19 1 1
github.com/dpopsuev/parchment/protocol_graph.go:79.76,81.16 2 1
github.com/dpopsuev/parchment/protocol_graph.go:81.16,83.3 1 0
github.com/dpopsuev/parchment/protocol_graph.go:85.2,94.27 5 1
github.com/dpopsuev/parchment/protocol_graph.go:94.27,96.3 1 1
github.com/dpopsuev/parchment/protocol_graph.go:97.2,98.12 2 1
github.com/dpopsuev/parchment/protocol_graph.go:101.97,103.87 1 1
github.com/dpopsuev/parchment/protocol_graph.go:103.87,105.23 2 1
github.com/dpopsuev/parchment/protocol_graph.go:105.23,109.4 2 1
github.com/dpopsuev/parchment/protocol_graph.go:110.3,110.14 1 1
github.com/dpopsuev/parchment/protocol_graph.go:114.102,116.45 2 1
github.com/dpopsuev/parchment/protocol_graph.go:116.45,118.3 1 1
github.com/dpopsuev/parchment/protocol_graph.go:119.2,119.28 1 1
github.com/dpopsuev/parchment/protocol_graph.go:119.28,121.3 1 1
github.com/dpopsuev/parchment/protocol_graph.go:126.2,127.16 2 1
github.com/dpopsuev/parchment/protocol_graph.go:127.16,129.3 1 0
github.com/dpopsuev/parchment/protocol_graph.go:130.2,130.26 1 1
github.com/dpopsuev/parchment/protocol_graph.go:130.26,131.47 1 1
github.com/dpopsuev/parchment/protocol_graph.go:131.47,132.12 1 1
github.com/dpopsuev/parchment/protocol_graph.go:134.3,134.42 1 1
github.com/dpopsuev/parchment/protocol_graph.go:134.42,135.23 1 1
github.com/dpopsuev/parchment/protocol_graph.go:135.23,137.10 2 1
github.com/dpopsuev/parchment/protocol_graph.go:146.113,148.24 2 1
github.com/dpopsuev/parchment/protocol_graph.go:148.24,150.3 1 0
github.com/dpopsuev/parchment/protocol_graph.go:151.2,152.16 2 1
github.com/dpopsuev/parchment/protocol_graph.go:152.16,154.3 1 0
github.com/dpopsuev/parchment/protocol_graph.go:155.2,155.22 1 1
github.com/dpopsuev/parchment/protocol_graph.go:158.120,159.20 1 1
github.com/dpopsuev/parchment/protocol_graph.go:159.20,161.3 1 1
github.com/dpopsuev/parchment/protocol_graph.go:162.2,162.20 1 1
github.com/dpopsuev/parchment/protocol_graph.go:162.20,164.3 1 1
github.com/dpopsuev/parchment/protocol_graph.go:165.2,165.25 1 1
github.com/dpopsuev/parchment/protocol_graph.go:165.25,167.3 1 1
github.com/dpopsuev/parchment/protocol_graph.go:168.2,168.39 1 1
github.com/dpopsuev/parchment/protocol_graph.go:168.39,170.3 1 1
github.com/dpopsuev/parchment/protocol_graph.go:172.2,172.30 1 1
github.com/dpopsuev/parchment/protocol_graph.go:172.30,173.33 1 1
github.com/dpopsuev/parchment/protocol_graph.go:173.33,174.62 1 1
github.com/dpopsuev/parchment/protocol_graph.go:174.62,176.5 1 1
github.com/dpopsuev/parchment/protocol_graph.go:180.2,181.16 2 1
github.com/dpopsuev/parchment/protocol_graph.go:181.16,183.3 1 0
github.com/dpopsuev/parchment/protocol_graph.go:186.2,186.30 1 1
github.com/dpopsuev/parchment/protocol_graph.go:186.30,187.33 1 1
github.com/dpopsuev/parchment/protocol_graph.go:187.33,189.18 2 1
github.com/dpopsuev/parchment/protocol_graph.go:189.18,191.5 1 0
github.com/dpopsuev/parchment/protocol_graph.go:192.4,192.32 1 1
github.com/dpopsuev/parchment/protocol_graph.go:192.32,198.5 2 1
github.com/dpopsuev/parchment/protocol_graph.go:200.4,206.77 2 0
github.com/dpopsuev/parchment/protocol_graph.go:206.77,212.5 2 0
github.com/dpopsuev/parchment/protocol_graph.go:215.2,215.22 1 1
github.com/dpopsuev/parchment/protocol_graph.go:215.22,217.3 1 1
github.com/dpopsuev/parchment/protocol_graph.go:218.2,219.41 2 1
github.com/dpopsuev/parchment/protocol_graph.go:219.41,221.3 1 1
github.com/dpopsuev/parchment/protocol_graph.go:222.2,223.32 2 1
github.com/dpopsuev/parchment/protocol_graph.go:223.32,224.20 1 1
github.com/dpopsuev/parchment/protocol_graph.go:224.20,226.12 2 1
github.com/dpopsuev/parchment/protocol_graph.go:228.3,228.97 1 1
github.com/dpopsuev/parchment/protocol_graph.go:228.97,230.12 2 0
github.com/dpopsuev/parchment/protocol_graph.go:232.3,234.55 3 1
github.com/dpopsuev/parchment/protocol_graph.go:236.2,237.21 2 1
github.com/dpopsuev/parchment/protocol_graph.go:240.122,241.20 1 1
github.com/dpopsuev/parchment/protocol_graph.go:241.20,243.3 1 1
github.com/dpopsuev/parchment/protocol_graph.go:244.2,244.20 1 1
github.com/dpopsuev/parchment/protocol_graph.go:244.20,246.3 1 1
github.com/dpopsuev/parchment/protocol_graph.go:247.2,247.25 1 1
github.com/dpopsuev/parchment/protocol_graph.go:247.25,249.3 1 1
github.com/dpopsuev/parchment/protocol_graph.go:250.2,251.16 2 1
github.com/dpopsuev/parchment/protocol_graph.go:251.16,253.3 1 0
github.com/dpopsuev/parchment/protocol_graph.go:254.2,255.30 2 1
github.com/dpopsuev/parchment/protocol_graph.go:255.30,257.3 1 1
github.com/dpopsuev/parchment/protocol_graph.go:258.2,259.32 2 1
github.com/dpopsuev/parchment/protocol_graph.go:259.32,260.100 1 1
github.com/dpopsuev/parchment/protocol_graph.go:260.100,262.12 2 0
github.com/dpopsuev/parchment/protocol_graph.go:264.3,264.55 1 1
github.com/dpopsuev/parchment/protocol_graph.go:266.2,267.41 2 1
github.com/dpopsuev/parchment/protocol_graph.go:267.41,268.21 1 1
github.com/dpopsuev/parchment/protocol_graph.go:268.21,270.4 1 0
github.com/dpopsuev/parchment/protocol_graph.go:272.2,272.19 1 1
github.com/dpopsuev/parchment/protocol_graph.go:272.19,274.3 1 0
github.com/dpopsuev/parchment/protocol_graph.go:274.8,276.3 1 1
github.com/dpopsuev/parchment/protocol_graph.go:277.2,278.21 2 1
github.com/dpopsuev/parchment/protocol_graph.go:290.87,292.16 2 1
github.com/dpopsuev/parchment/protocol_graph.go:292.16,294.3 1 1
github.com/dpopsuev/parchment/protocol_graph.go:296.2,297.15 2 1
github.com/dpopsuev/parchment/protocol_graph.go:297.15,299.3 1 1
github.com/dpopsuev/parchment/protocol_graph.go:300.2,300.34 1 1
github.com/dpopsuev/parchment/protocol_graph.go:300.34,302.3 1 1
github.com/dpopsuev/parchment/protocol_graph.go:304.2,305.15 2 1
github.com/dpopsuev/parchment/protocol_graph.go:305.15,307.3 1 1
github.com/dpopsuev/parchment/protocol_graph.go:309.2,310.13 2 1
github.com/dpopsuev/parchment/protocol_graph.go:311.32,312.22 1 1
github.com/dpopsuev/parchment/protocol_graph.go:313.31,314.22 1 0
github.com/dpopsuev/parchment/protocol_graph.go:315.14,316.18 1 0
github.com/dpopsuev/parchment/protocol_graph.go:317.10,318.87 1 0
github.com/dpopsuev/parchment/protocol_graph.go:321.2,323.31 3 1
github.com/dpopsuev/parchment/protocol_graph.go:323.31,325.3 1 0
github.com/dpopsuev/parchment/protocol_graph.go:327.2,329.15 2 1
github.com/dpopsuev/parchment/protocol_graph.go:329.15,331.3 1 1
github.com/dpopsuev/parchment/protocol_graph.go:333.2,336.18 4 1
github.com/dpopsuev/parchment/protocol_graph.go:342.86,345.16 2 1
github.com/dpopsuev/parchment/protocol_graph.go:345.16,347.3 1 0
github.com/dpopsuev/parchment/protocol_graph.go:348.2,348.24 1 1
github.com/dpopsuev/parchment/protocol_graph.go:348.24,350.3 1 1
github.com/dpopsuev/parchment/protocol_graph.go:352.2,353.30 2 1
github.com/dpopsuev/parchment/protocol_graph.go:353.30,356.24 3 1
github.com/dpopsuev/parchment/protocol_graph.go:356.24,358.4 1 0
github.com/dpopsuev/parchment/protocol_graph.go:362.2,363.23 2 1
github.com/dpopsuev/parchment/protocol_graph.go:363.23,365.3 1 1
github.com/dpopsuev/parchment/protocol_graph.go:366.2,366.28 1 1
github.com/dpopsuev/parchment/protocol_graph.go:366.28,367.37 1 1
github.com/dpopsuev/parchment/protocol_graph.go:367.37,368.30 1 1
github.com/dpopsuev/parchment/protocol_graph.go:368.30,371.5 1 1
github.com/dpopsuev/parchment/protocol_graph.go:375.2,376.16 2 1
github.com/dpopsuev/parchment/protocol_graph.go:376.16,379.29 2 0
github.com/dpopsuev/parchment/protocol_graph.go:379.29,384.4 1 0
github.com/dpopsuev/parchment/protocol_graph.go:385.3,385.76 1 0
github.com/dpopsuev/parchment/protocol_graph.go:388.2,389.27 2 1
github.com/dpopsuev/parchment/protocol_graph.go:389.27,395.3 2 1
github.com/dpopsuev/parchment/protocol_graph.go:396.2,396.20 1 1
github.com/dpopsuev/parchment/protocol_graph.go:408.76,411.30 3 1
github.com/dpopsuev/parchment/protocol_graph.go:411.30,413.3 1 1
github.com/dpopsuev/parchment/protocol_graph.go:414.2,414.13 1 1
github.com/dpopsuev/parchment/protocol_graph.go:417.152,418.45 1 1
github.com/dpopsuev/parchment/protocol_graph.go:418.45,420.3 1 0
github.com/dpopsuev/parchment/protocol_graph.go:422.2,423.16 2 1
github.com/dpopsuev/parchment/protocol_graph.go:423.16,425.3 1 0
github.com/dpopsuev/parchment/protocol_graph.go:427.2,428.26 2 1
github.com/dpopsuev/parchment/protocol_graph.go:428.26,431.58 3 1
github.com/dpopsuev/parchment/protocol_graph.go:431.58,434.4 2 0
github.com/dpopsuev/parchment/protocol_graph.go:436.3,436.24 1 1
github.com/dpopsuev/parchment/protocol_graph.go:436.24,437.12 1 0
github.com/dpopsuev/parchment/protocol_graph.go:439.3,442.17 3 1
github.com/dpopsuev/parchment/protocol_graph.go:442.17,443.12 1 0
github.com/dpopsuev/parchment/protocol_graph.go:446.3,456.76 3 1
github.com/dpopsuev/parchment/protocol_graph.go:472.92,474.16 2 1
github.com/dpopsuev/parchment/protocol_graph.go:474.16,476.3 1 0
github.com/dpopsuev/parchment/protocol_graph.go:478.2,479.26 2 1
github.com/dpopsuev/parchment/protocol_graph.go:479.26,482.19 3 1
github.com/dpopsuev/parchment/protocol_graph.go:482.19,484.57 2 1
github.com/dpopsuev/parchment/protocol_graph.go:484.57,489.5 4 1
github.com/dpopsuev/parchment/protocol_graph.go:490.9,492.59 2 0
github.com/dpopsuev/parchment/protocol_graph.go:492.59,497.5 4 0
github.com/dpopsuev/parchment/protocol_graph.go:499.3,499.35 1 1
github.com/dpopsuev/parchment/protocol_graph.go:501.2,501.23 1 1
github.com/dpopsuev/parchment/protocol_lifecycle.go:13.48,13.80 1 1
github.com/dpopsuev/parchment/protocol_lifecycle.go:17.80,19.37 1 1
github.com/dpopsuev/parchment/protocol_lifecycle.go:19.37,21.3 1 1
github.com/dpopsuev/parchment/protocol_lifecycle.go:23.2,31.35 4 1
github.com/dpopsuev/parchment/protocol_lifecycle.go:31.35,32.54 1 1
github.com/dpopsuev/parchment/protocol_lifecycle.go:32.54,34.82 2 1
github.com/dpopsuev/parchment/protocol_lifecycle.go:34.82,37.5 2 1
github.com/dpopsuev/parchment/protocol_lifecycle.go:37.10,37.89 1 1
github.com/dpopsuev/parchment/protocol_lifecycle.go:37.89,39.5 1 1
github.com/dpopsuev/parchment/protocol_lifecycle.go:42.2,42.15 1 1
github.com/dpopsuev/parchment/protocol_lifecycle.go:42.15,44.3 1 1
github.com/dpopsuev/parchment/protocol_lifecycle.go:47.2,48.37 2 1
github.com/dpopsuev/parchment/protocol_lifecycle.go:48.37,50.31 2 1
github.com/dpopsuev/parchment/protocol_lifecycle.go:50.31,51.38 1 1
github.com/dpopsuev/parchment/protocol_lifecycle.go:51.38,53.5 1 1
github.com/dpopsuev/parchment/protocol_lifecycle.go:55.3,55.80 1 1
github.com/dpopsuev/parchment/protocol_lifecycle.go:59.2,60.29 2 1
github.com/dpopsuev/parchment/protocol_lifecycle.go:60.29,63.34 3 1
github.com/dpopsuev/parchment/protocol_lifecycle.go:63.34,64.39 1 1
github.com/dpopsuev/parchment/protocol_lifecycle.go:64.39,66.5 1 1
github.com/dpopsuev/parchment/protocol_lifecycle.go:68.3,68.39 1 1
github.com/dpopsuev/parchment/protocol_lifecycle.go:68.39,69.18 1 1
github.com/dpopsuev/parchment/protocol_lifecycle.go:69.18,71.5 1 1
github.com/dpopsuev/parchment/protocol_lifecycle.go:73.3,73.88 1 1
github.com/dpopsuev/parchment/protocol_lifecycle.go:76.2,76.21 1 1
github.com/dpopsuev/parchment/protocol_lifecycle.go:76.21,78.3 1 1
github.com/dpopsuev/parchment/protocol_lifecycle.go:81.2,82.26 2 1
github.com/dpopsuev/parchment/protocol_lifecycle.go:82.26,84.3 1 1
github.com/dpopsuev/parchment/protocol_lifecycle.go:85.2,86.26 2 1
github.com/dpopsuev/parchment/protocol_lifecycle.go:86.26,88.3 1 1
github.com/dpopsuev/parchment/protocol_lifecycle.go:89.2,89.14 1 1
github.com/dpopsuev/parchment/protocol_lifecycle.go:96.128,97.19 1 1
github.com/dpopsuev/parchment/protocol_lifecycle.go:97.19,99.3 1 0
github.com/dpopsuev/parchment/protocol_lifecycle.go:100.2,100.17 1 1
github.com/dpopsuev/parchment/protocol_lifecycle.go:100.17,102.3 1 0
github.com/dpopsuev/parchment/protocol_lifecycle.go:104.2,105.19 2 1
github.com/dpopsuev/parchment/protocol_lifecycle.go:105.19,107.3 1 1
github.com/dpopsuev/parchment/protocol_lifecycle.go:109.2,110.25 2 1
github.com/dpopsuev/parchment/protocol_lifecycle.go:110.25,113.3 2 1
github.com/dpopsuev/parchment/protocol_lifecycle.go:114.2,114.21 1 1
github.com/dpopsuev/parchment/protocol_lifecycle.go:117.109,119.16 2 1
github.com/dpopsuev/parchment/protocol_lifecycle.go:119.16,121.3 1 0
github.com/dpopsuev/parchment/protocol_lifecycle.go:123.2,123.73 1 1
github.com/dpopsuev/parchment/protocol_lifecycle.go:123.73,125.3 1 0
github.com/dpopsuev/parchment/protocol_lifecycle.go:127.2,127.15 1 1
github.com/dpopsuev/parchment/protocol_lifecycle.go:128.21,129.59 1 0
github.com/dpopsuev/parchment/protocol_lifecycle.go:130.20,131.26 1 0
github.com/dpopsuev/parchment/protocol_lifecycle.go:131.26,133.4 1 0
github.com/dpopsuev/parchment/protocol_lifecycle.go:134.3,135.17 2 0
github.com/dpopsuev/parchment/protocol_lifecycle.go:135.17,137.4 1 0
github.com/dpopsuev/parchment/protocol_lifecycle.go:138.3,138.20 1 0
github.com/dpopsuev/parchment/protocol_lifecycle.go:139.18,140.20 1 0
github.com/dpopsuev/parchment/protocol_lifecycle.go:141.17,142.19 1 0
github.com/dpopsuev/parchment/protocol_lifecycle.go:143.18,144.18 1 0
github.com/dpopsuev/parchment/protocol_lifecycle.go:144.18,146.4 1 0
github.com/dpopsuev/parchment/protocol_lifecycle.go:147.3,147.20 1 0
github.com/dpopsuev/parchment/protocol_lifecycle.go:148.19,149.54 1 1
github.com/dpopsuev/parchment/protocol_lifecycle.go:150.19,151.18 1 0
github.com/dpopsuev/parchment/protocol_lifecycle.go:151.18,152.58 1 0
github.com/dpopsuev/parchment/protocol_lifecycle.go:152.58,153.70 1 0
github.com/dpopsuev/parchment/protocol_lifecycle.go:153.70,155.6 1 0
github.com/dpopsuev/parchment/protocol_lifecycle.go:157.4,157.64 1 0
github.com/dpopsuev/parchment/protocol_lifecycle.go:157.64,159.5 1 0
github.com/dpopsuev/parchment/protocol_lifecycle.go:161.3,161.21 1 0
github.com/dpopsuev/parchment/protocol_lifecycle.go:162.21,163.52 1 0
github.com/dpopsuev/parchment/protocol_lifecycle.go:163.52,165.4 1 0
github.com/dpopsuev/parchment/protocol_lifecycle.go:166.3,166.23 1 0
github.com/dpopsuev/parchment/protocol_lifecycle.go:167.19,168.21 1 0
github.com/dpopsuev/parchment/protocol_lifecycle.go:169.17,170.54 1 0
github.com/dpopsuev/parchment/protocol_lifecycle.go:170.54,172.4 1 0
github.com/dpopsuev/parchment/protocol_lifecycle.go:173.3,173.19 1 0
github.com/dpopsuev/parchment/protocol_lifecycle.go:174.22,175.18 1 0
github.com/dpopsuev/parchment/protocol_lifecycle.go:175.18,177.4 1 0
github.com/dpopsuev/parchment/protocol_lifecycle.go:177.9,179.27 2 0
github.com/dpopsuev/parchment/protocol_lifecycle.go:179.27,181.5 1 0
github.com/dpopsuev/parchment/protocol_lifecycle.go:182.4,182.32 1 0
github.com/dpopsuev/parchment/protocol_lifecycle.go:182.32,183.57 1 0
github.com/dpopsuev/parchment/protocol_lifecycle.go:183.57,185.6 1 0
github.com/dpopsuev/parchment/protocol_lifecycle.go:187.4,187.27 1 0
github.com/dpopsuev/parchment/protocol_lifecycle.go:189.16,190.18 1 0
github.com/dpopsuev/parchment/protocol_lifecycle.go:190.18,192.4 1 0
github.com/dpopsuev/parchment/protocol_lifecycle.go:192.9,194.4 1 0
github.com/dpopsuev/parchment/protocol_lifecycle.go:195.10,196.23 1 0
github.com/dpopsuev/parchment/protocol_lifecycle.go:196.23,198.4 1 0
github.com/dpopsuev/parchment/protocol_lifecycle.go:199.3,199.27 1 0
github.com/dpopsuev/parchment/protocol_lifecycle.go:202.2,202.46 1 0
github.com/dpopsuev/parchment/protocol_lifecycle.go:202.46,204.3 1 0
github.com/dpopsuev/parchment/protocol_lifecycle.go:205.2,205.33 1 0
github.com/dpopsuev/parchment/protocol_lifecycle.go:208.88,210.2 1 0
github.com/dpopsuev/parchment/protocol_lifecycle.go:224.105,226.12 2 1
github.com/dpopsuev/parchment/protocol_lifecycle.go:226.12,227.13 1 1
github.com/dpopsuev/parchment/protocol_lifecycle.go:227.13,229.4 1 1
github.com/dpopsuev/parchment/protocol_lifecycle.go:230.3,235.38 1 1
github.com/dpopsuev/parchment/protocol_lifecycle.go:239.2,239.63 1 1
github.com/dpopsuev/parchment/protocol_lifecycle.go:239.63,241.28 2 1
github.com/dpopsuev/parchment/protocol_lifecycle.go:241.28,242.28 1 1
github.com/dpopsuev/parchment/protocol_lifecycle.go:242.28,243.13 1 1
github.com/dpopsuev/parchment/protocol_lifecycle.go:245.4,245.40 1 1
github.com/dpopsuev/parchment/protocol_lifecycle.go:245.40,246.13 1 1
github.com/dpopsuev/parchment/protocol_lifecycle.go:248.4,248.44 1 1
github.com/dpopsuev/parchment/protocol_lifecycle.go:248.44,249.13 1 0
github.com/dpopsuev/parchment/protocol_lifecycle.go:251.4,251.47 1 1
github.com/dpopsuev/parchment/protocol_lifecycle.go:251.47,253.5 1 1
github.com/dpopsuev/parchment/protocol_lifecycle.go:258.2,258.53 1 1
github.com/dpopsuev/parchment/protocol_lifecycle.go:258.53,259.32 1 1
github.com/dpopsuev/parchment/protocol_lifecycle.go:259.32,261.18 2 1
github.com/dpopsuev/parchment/protocol_lifecycle.go:261.18,263.5 1 0
github.com/dpopsuev/parchment/protocol_lifecycle.go:264.4,264.61 1 1
github.com/dpopsuev/parchment/protocol_lifecycle.go:264.61,266.5 1 1
github.com/dpopsuev/parchment/protocol_lifecycle.go:272.2,273.28 2 1
github.com/dpopsuev/parchment/protocol_lifecycle.go:273.28,275.27 2 1
github.com/dpopsuev/parchment/protocol_lifecycle.go:275.27,277.18 2 0
github.com/dpopsuev/parchment/protocol_lifecycle.go:277.18,278.13 1 0
github.com/dpopsuev/parchment/protocol_lifecycle.go:280.4,280.45 1 0
github.com/dpopsuev/parchment/protocol_lifecycle.go:280.45,282.5 1 0
github.com/dpopsuev/parchment/protocol_lifecycle.go:286.2,288.46 3 1
github.com/dpopsuev/parchment/protocol_lifecycle.go:288.46,290.3 1 0
github.com/dpopsuev/parchment/protocol_lifecycle.go:292.2,301.30 5 1
github.com/dpopsuev/parchment/protocol_lifecycle.go:301.30,303.3 1 0
github.com/dpopsuev/parchment/protocol_lifecycle.go:304.2,304.80 1 1
github.com/dpopsuev/parchment/protocol_lifecycle.go:304.80,305.56 1 0
github.com/dpopsuev/parchment/protocol_lifecycle.go:305.56,307.4 1 0
github.com/dpopsuev/parchment/protocol_lifecycle.go:309.2,309.89 1 1
github.com/dpopsuev/parchment/protocol_lifecycle.go:309.89,310.59 1 1
github.com/dpopsuev/parchment/protocol_lifecycle.go:310.59,312.4 1 0
github.com/dpopsuev/parchment/protocol_lifecycle.go:314.2,314.71 1 1
github.com/dpopsuev/parchment/protocol_lifecycle.go:314.71,315.63 1 0
github.com/dpopsuev/parchment/protocol_lifecycle.go:315.63,317.4 1 0
github.com/dpopsuev/parchment/protocol_lifecycle.go:320.2,320.54 1 1
github.com/dpopsuev/parchment/protocol_lifecycle.go:320.54,321.50 1 1
github.com/dpopsuev/parchment/protocol_lifecycle.go:321.50,322.35 1 0
github.com/dpopsuev/parchment/protocol_lifecycle.go:322.35,324.44 2 0
github.com/dpopsuev/parchment/protocol_lifecycle.go:324.44,325.14 1 0
github.com/dpopsuev/parchment/protocol_lifecycle.go:327.5,329.39 3 0
github.com/dpopsuev/parchment/protocol_lifecycle.go:329.39,330.38 1 0
github.com/dpopsuev/parchment/protocol_lifecycle.go:330.38,332.12 2 0
github.com/dpopsuev/parchment/protocol_lifecycle.go:335.5,335.44 1 0
github.com/dpopsuev/parchment/protocol_lifecycle.go:335.44,336.24 1 0
github.com/dpopsuev/parchment/protocol_lifecycle.go:336.24,338.7 1 0
github.com/dpopsuev/parchment/protocol_lifecycle.go:339.6,341.84 3 0
github.com/dpopsuev/parchment/protocol_lifecycle.go:346.2,346.19 1 1
github.com/dpopsuev/parchment/protocol_lifecycle.go:346.19,348.3 1 0
github.com/dpopsuev/parchment/protocol_lifecycle.go:349.2,349.10 1 1
github.com/dpopsuev/parchment/protocol_lifecycle.go:354.57,358.56 2 1
github.com/dpopsuev/parchment/protocol_lifecycle.go:358.56,361.71 1 1
github.com/dpopsuev/parchment/protocol_lifecycle.go:361.71,363.5 1 1
github.com/dpopsuev/parchment/protocol_lifecycle.go:366.2,366.57 1 1
github.com/dpopsuev/parchment/protocol_lifecycle.go:366.57,369.71 1 1
github.com/dpopsuev/parchment/protocol_lifecycle.go:369.71,371.5 1 1
github.com/dpopsuev/parchment/protocol_lifecycle.go:376.2,378.70 1 1
github.com/dpopsuev/parchment/protocol_lifecycle.go:378.70,379.70 1 1
github.com/dpopsuev/parchment/protocol_lifecycle.go:379.70,381.5 1 1
github.com/dpopsuev/parchment/protocol_lifecycle.go:382.4,382.14 1 1
github.com/dpopsuev/parchment/protocol_lifecycle.go:387.2,389.70 1 1
github.com/dpopsuev/parchment/protocol_lifecycle.go:389.70,390.73 1 1
github.com/dpopsuev/parchment/protocol_lifecycle.go:390.73,393.5 1 0
github.com/dpopsuev/parchment/protocol_lifecycle.go:394.4,394.14 1 1
github.com/dpopsuev/parchment/protocol_lifecycle.go:399.2,399.38 1 1
github.com/dpopsuev/parchment/protocol_lifecycle.go:399.38,402.71 1 1
github.com/dpopsuev/parchment/protocol_lifecycle.go:402.71,404.19 2 0
github.com/dpopsuev/parchment/protocol_lifecycle.go:404.19,406.6 1 0
github.com/dpopsuev/parchment/protocol_lifecycle.go:407.5,407.33 1 0
github.com/dpopsuev/parchment/protocol_lifecycle.go:407.33,408.41 1 0
github.com/dpopsuev/parchment/protocol_lifecycle.go:408.41,410.7 1 0
github.com/dpopsuev/parchment/protocol_lifecycle.go:412.5,412.15 1 0
github.com/dpopsuev/parchment/protocol_lifecycle.go:420.2,423.69 1 1
github.com/dpopsuev/parchment/protocol_lifecycle.go:423.69,424.25 1 1
github.com/dpopsuev/parchment/protocol_lifecycle.go:424.25,426.6 1 1
github.com/dpopsuev/parchment/protocol_lifecycle.go:427.5,427.45 1 1
github.com/dpopsuev/parchment/protocol_lifecycle.go:427.45,429.6 1 0
github.com/dpopsuev/parchment/protocol_lifecycle.go:430.5,430.15 1 1
github.com/dpopsuev/parchment/protocol_lifecycle.go:435.69,436.38 1 1
github.com/dpopsuev/parchment/protocol_lifecycle.go:436.38,437.30 1 1
github.com/dpopsuev/parchment/protocol_lifecycle.go:437.30,439.7 1 1
github.com/dpopsuev/parchment/protocol_lifecycle.go:441.5,441.59 1 1
github.com/dpopsuev/parchment/protocol_lifecycle.go:446.69,447.73 1 1
github.com/dpopsuev/parchment/protocol_lifecycle.go:447.73,449.6 1 0
github.com/dpopsuev/parchment/protocol_lifecycle.go:450.5,450.15 1 1
github.com/dpopsuev/parchment/protocol_lifecycle.go:455.69,456.55 1 1
github.com/dpopsuev/parchment/protocol_lifecycle.go:456.55,458.6 1 1
github.com/dpopsuev/parchment/protocol_lifecycle.go:459.5,459.104 1 0
github.com/dpopsuev/parchment/protocol_lifecycle.go:459.104,461.6 1 0
github.com/dpopsuev/parchment/protocol_lifecycle.go:462.5,462.92 1 0
github.com/dpopsuev/parchment/protocol_lifecycle.go:462.92,464.6 1 0
github.com/dpopsuev/parchment/protocol_lifecycle.go:465.5,465.15 1 0
github.com/dpopsuev/parchment/protocol_lifecycle.go:470.2,470.15 1 1
github.com/dpopsuev/parchment/protocol_lifecycle.go:473.85,475.38 2 1
github.com/dpopsuev/parchment/protocol_lifecycle.go:475.38,477.17 2 0
github.com/dpopsuev/parchment/protocol_lifecycle.go:477.17,478.12 1 0
github.com/dpopsuev/parchment/protocol_lifecycle.go:480.3,480.39 1 0
github.com/dpopsuev/parchment/protocol_lifecycle.go:480.39,482.4 1 0
github.com/dpopsuev/parchment/protocol_lifecycle.go:484.2,484.25 1 1
github.com/dpopsuev/parchment/protocol_lifecycle.go:484.25,487.3 1 0
github.com/dpopsuev/parchment/protocol_lifecycle.go:488.2,488.12 1 1
github.com/dpopsuev/parchment/protocol_lifecycle.go:491.84,493.16 2 1
github.com/dpopsuev/parchment/protocol_lifecycle.go:493.16,495.3 1 0
github.com/dpopsuev/parchment/protocol_lifecycle.go:496.2,497.30 2 1
github.com/dpopsuev/parchment/protocol_lifecycle.go:497.30,498.38 1 0
github.com/dpopsuev/parchment/protocol_lifecycle.go:498.38,500.4 1 0
github.com/dpopsuev/parchment/protocol_lifecycle.go:502.2,502.25 1 1
github.com/dpopsuev/parchment/protocol_lifecycle.go:502.25,505.3 1 0
github.com/dpopsuev/parchment/protocol_lifecycle.go:506.2,506.12 1 1
github.com/dpopsuev/parchment/protocol_lifecycle.go:509.79,511.23 2 0
github.com/dpopsuev/parchment/protocol_lifecycle.go:511.23,513.3 1 0
github.com/dpopsuev/parchment/protocol_lifecycle.go:514.2,515.20 2 0
github.com/dpopsuev/parchment/protocol_lifecycle.go:515.20,517.3 1 0
github.com/dpopsuev/parchment/protocol_lifecycle.go:518.2,519.30 2 0
github.com/dpopsuev/parchment/protocol_lifecycle.go:519.30,521.17 2 0
github.com/dpopsuev/parchment/protocol_lifecycle.go:521.17,522.12 1 0
github.com/dpopsuev/parchment/protocol_lifecycle.go:524.3,524.83 1 0
github.com/dpopsuev/parchment/protocol_lifecycle.go:524.83,525.12 1 0
github.com/dpopsuev/parchment/protocol_lifecycle.go:527.3,528.48 2 0
github.com/dpopsuev/parchment/protocol_lifecycle.go:528.48,529.12 1 0
github.com/dpopsuev/parchment/protocol_lifecycle.go:531.3,531.77 1 0
github.com/dpopsuev/parchment/protocol_lifecycle.go:533.2,533.34 1 0
github.com/dpopsuev/parchment/protocol_lifecycle.go:536.82,537.22 1 1
github.com/dpopsuev/parchment/protocol_lifecycle.go:537.22,539.3 1 1
github.com/dpopsuev/parchment/protocol_lifecycle.go:540.2,541.54 2 0
github.com/dpopsuev/parchment/protocol_lifecycle.go:541.54,543.3 1 0
github.com/dpopsuev/parchment/protocol_lifecycle.go:544.2,545.38 2 0
github.com/dpopsuev/parchment/protocol_lifecycle.go:545.38,547.3 1 0
github.com/dpopsuev/parchment/protocol_lifecycle.go:548.2,548.30 1 0
github.com/dpopsuev/parchment/protocol_lifecycle.go:548.30,549.38 1 0
github.com/dpopsuev/parchment/protocol_lifecycle.go:549.38,551.4 1 0
github.com/dpopsuev/parchment/protocol_lifecycle.go:553.2,554.10 2 0
github.com/dpopsuev/parchment/protocol_lifecycle.go:554.10,556.20 2 0
github.com/dpopsuev/parchment/protocol_lifecycle.go:556.20,558.4 1 0
github.com/dpopsuev/parchment/protocol_lifecycle.go:559.3,559.13 1 0
github.com/dpopsuev/parchment/protocol_lifecycle.go:561.2,561.11 1 0
github.com/dpopsuev/parchment/protocol_lifecycle.go:564.92,567.36 3 0
github.com/dpopsuev/parchment/protocol_lifecycle.go:567.36,569.3 1 0
github.com/dpopsuev/parchment/protocol_lifecycle.go:570.2,570.41 1 0
github.com/dpopsuev/parchment/protocol_lifecycle.go:570.41,570.79 1 0
github.com/dpopsuev/parchment/protocol_lifecycle.go:571.2,573.47 3 0
github.com/dpopsuev/parchment/protocol_lifecycle.go:573.47,575.3 1 0
github.com/dpopsuev/parchment/protocol_lifecycle.go:576.2,576.61 1 0
github.com/dpopsuev/parchment/protocol_template.go:12.77,14.29 2 1
github.com/dpopsuev/parchment/protocol_template.go:14.29,16.3 1 1
github.com/dpopsuev/parchment/protocol_template.go:17.2,18.36 2 1
github.com/dpopsuev/parchment/protocol_template.go:18.36,20.3 1 1
github.com/dpopsuev/parchment/protocol_template.go:22.2,24.72 3 0
github.com/dpopsuev/parchment/protocol_template.go:29.110,31.28 2 0
github.com/dpopsuev/parchment/protocol_template.go:31.28,33.3 1 0
github.com/dpopsuev/parchment/protocol_template.go:35.2,35.29 1 0
github.com/dpopsuev/parchment/protocol_template.go:35.29,37.10 2 0
github.com/dpopsuev/parchment/protocol_template.go:37.10,38.12 1 0
github.com/dpopsuev/parchment/protocol_template.go:40.3,42.32 3 0
github.com/dpopsuev/parchment/protocol_template.go:42.32,43.12 1 0
github.com/dpopsuev/parchment/protocol_template.go:45.3,49.55 4 0
github.com/dpopsuev/parchment/protocol_template.go:49.55,50.35 1 0
github.com/dpopsuev/parchment/protocol_template.go:50.35,51.35 1 0
github.com/dpopsuev/parchment/protocol_template.go:51.35,53.6 1 0
github.com/dpopsuev/parchment/protocol_template.go:57.3,68.17 2 0
github.com/dpopsuev/parchment/protocol_template.go:68.17,71.12 2 0
github.com/dpopsuev/parchment/protocol_template.go:74.3,74.19 1 0
github.com/dpopsuev/parchment/protocol_template.go:74.19,77.19 1 0
github.com/dpopsuev/parchment/protocol_template.go:77.19,80.5 1 0
github.com/dpopsuev/parchment/protocol_template.go:82.3,85.59 2 0
github.com/dpopsuev/parchment/protocol_template.go:87.2,87.15 1 0
github.com/dpopsuev/parchment/protocol_template.go:92.88,94.46 2 1
github.com/dpopsuev/parchment/protocol_template.go:94.46,96.33 2 1
github.com/dpopsuev/parchment/protocol_template.go:96.33,97.63 1 1
github.com/dpopsuev/parchment/protocol_template.go:97.63,99.5 1 1
github.com/dpopsuev/parchment/protocol_template.go:101.3,101.24 1 1
github.com/dpopsuev/parchment/protocol_template.go:101.24,103.4 1 1
github.com/dpopsuev/parchment/protocol_template.go:104.3,104.12 1 0
github.com/dpopsuev/parchment/protocol_template.go:107.2,107.17 1 1
github.com/dpopsuev/parchment/protocol_template.go:107.17,109.39 2 1
github.com/dpopsuev/parchment/protocol_template.go:109.39,110.40 1 1
github.com/dpopsuev/parchment/protocol_template.go:110.40,112.5 1 1
github.com/dpopsuev/parchment/protocol_template.go:116.2,117.35 2 1
github.com/dpopsuev/parchment/protocol_template.go:117.35,119.3 1 0
github.com/dpopsuev/parchment/protocol_template.go:121.2,121.11 1 1
github.com/dpopsuev/parchment/protocol_template.go:126.82,128.30 2 1
github.com/dpopsuev/parchment/protocol_template.go:128.30,130.3 1 1
github.com/dpopsuev/parchment/protocol_template.go:131.2,132.16 2 1
github.com/dpopsuev/parchment/protocol_template.go:132.16,138.3 2 0
github.com/dpopsuev/parchment/protocol_template.go:139.2,139.30 1 1
github.com/dpopsuev/parchment/protocol_template.go:139.30,145.3 2 0
github.com/dpopsuev/parchment/protocol_template.go:146.2,150.12 2 1
github.com/dpopsuev/parchment/protocol_template.go:155.56,157.35 2 1
github.com/dpopsuev/parchment/protocol_template.go:157.35,158.28 1 1
github.com/dpopsuev/parchment/protocol_template.go:158.28,159.12 1 1
github.com/dpopsuev/parchment/protocol_template.go:161.3,161.25 1 1
github.com/dpopsuev/parchment/protocol_template.go:163.2,163.10 1 1
github.com/dpopsuev/parchment/protocol_template.go:170.102,172.16 2 1
github.com/dpopsuev/parchment/protocol_template.go:172.16,174.3 1 1
github.com/dpopsuev/parchment/protocol_template.go:175.2,176.24 2 1
github.com/dpopsuev/parchment/protocol_template.go:176.24,178.3 1 0
github.com/dpopsuev/parchment/protocol_template.go:179.2,179.14 1 1
github.com/dpopsuev/parchment/protocol_template.go:179.14,181.56 2 1
github.com/dpopsuev/parchment/protocol_template.go:181.56,183.4 1 1
github.com/dpopsuev/parchment/protocol_template.go:184.3,185.40 2 1
github.com/dpopsuev/parchment/protocol_template.go:185.40,186.21 1 1
github.com/dpopsuev/parchment/protocol_template.go:186.21,188.5 1 1
github.com/dpopsuev/parchment/protocol_template.go:190.3,191.25 2 1
github.com/dpopsuev/parchment/protocol_template.go:191.25,193.4 1 1
github.com/dpopsuev/parchment/protocol_template.go:195.2,196.35 2 1
github.com/dpopsuev/parchment/protocol_template.go:196.35,198.3 1 1
github.com/dpopsuev/parchment/protocol_template.go:199.2,200.39 2 1
github.com/dpopsuev/parchment/protocol_template.go:200.39,201.18 1 1
github.com/dpopsuev/parchment/protocol_template.go:201.18,203.4 1 1
github.com/dpopsuev/parchment/protocol_template.go:205.2,205.20 1 1
github.com/dpopsuev/parchment/protocol_template.go:205.20,212.3 2 1
github.com/dpopsuev/parchment/protocol_template.go:214.2,225.36 3 1
github.com/dpopsuev/parchment/qualitygate.go:40.74,42.2 1 1
github.com/dpopsuev/parchment/qualitygate.go:44.41,44.58 1 1
github.com/dpopsuev/parchment/qualitygate.go:46.88,49.2 2 1
github.com/dpopsuev/parchment/qualitygate.go:52.47,52.62 1 0
github.com/dpopsuev/parchment/render.go:11.43,18.21 5 0
github.com/dpopsuev/parchment/render.go:18.21,20.3 1 0
github.com/dpopsuev/parchment/render.go:21.2,21.22 1 0
github.com/dpopsuev/parchment/render.go:21.22,23.3 1 0
github.com/dpopsuev/parchment/render.go:24.2,24.24 1 0
github.com/dpopsuev/parchment/render.go:24.24,26.3 1 0
github.com/dpopsuev/parchment/render.go:27.2,27.22 1 0
github.com/dpopsuev/parchment/render.go:27.22,29.3 1 0
github.com/dpopsuev/parchment/render.go:30.2,30.28 1 0
github.com/dpopsuev/parchment/render.go:30.28,32.3 1 0
github.com/dpopsuev/parchment/render.go:33.2,33.25 1 0
github.com/dpopsuev/parchment/render.go:33.25,35.3 1 0
github.com/dpopsuev/parchment/render.go:36.2,36.24 1 0
github.com/dpopsuev/parchment/render.go:36.24,37.35 1 0
github.com/dpopsuev/parchment/render.go:37.35,39.4 1 0
github.com/dpopsuev/parchment/render.go:41.2,41.24 1 0
github.com/dpopsuev/parchment/render.go:41.24,43.26 2 0
github.com/dpopsuev/parchment/render.go:43.26,45.4 1 0
github.com/dpopsuev/parchment/render.go:47.2,49.20 2 0
github.com/dpopsuev/parchment/render.go:49.20,51.3 1 0
github.com/dpopsuev/parchment/render.go:53.2,53.33 1 0
github.com/dpopsuev/parchment/render.go:53.33,55.3 1 0
github.com/dpopsuev/parchment/render.go:57.2,57.27 1 0
github.com/dpopsuev/parchment/render.go:57.27,59.34 2 0
github.com/dpopsuev/parchment/render.go:59.34,61.35 2 0
github.com/dpopsuev/parchment/render.go:61.35,63.24 2 0
github.com/dpopsuev/parchment/render.go:63.24,65.6 1 0
github.com/dpopsuev/parchment/render.go:66.5,67.35 2 0
github.com/dpopsuev/parchment/render.go:67.35,69.6 1 0
github.com/dpopsuev/parchment/render.go:70.5,70.22 1 0
github.com/dpopsuev/parchment/render.go:75.2,75.27 1 0
github.com/dpopsuev/parchment/render.go:75.27,77.34 2 0
github.com/dpopsuev/parchment/render.go:77.34,79.26 2 0
github.com/dpopsuev/parchment/render.go:79.26,81.5 1 0
github.com/dpopsuev/parchment/render.go:82.4,82.65 1 0
github.com/dpopsuev/parchment/render.go:84.3,84.20 1 0
github.com/dpopsuev/parchment/render.go:87.2,87.19 1 0
github.com/dpopsuev/parchment/render.go:91.43,92.20 1 0
github.com/dpopsuev/parchment/render.go:92.20,94.3 1 0
github.com/dpopsuev/parchment/render.go:96.2,99.25 4 0
github.com/dpopsuev/parchment/render.go:99.25,100.21 1 0
github.com/dpopsuev/parchment/render.go:100.21,102.4 1 0
github.com/dpopsuev/parchment/render.go:103.3,103.21 1 0
github.com/dpopsuev/parchment/render.go:103.21,105.4 1 0
github.com/dpopsuev/parchment/render.go:106.3,106.27 1 0
github.com/dpopsuev/parchment/render.go:106.27,108.4 1 0
github.com/dpopsuev/parchment/render.go:111.2,112.80 2 0
github.com/dpopsuev/parchment/render.go:112.80,114.16 2 0
github.com/dpopsuev/parchment/render.go:114.16,116.4 1 0
github.com/dpopsuev/parchment/render.go:117.3,117.16 1 0
github.com/dpopsuev/parchment/render.go:117.16,119.4 1 0
github.com/dpopsuev/parchment/render.go:120.3,120.14 1 0
github.com/dpopsuev/parchment/render.go:120.14,122.4 1 0
github.com/dpopsuev/parchment/render.go:123.3,123.34 1 0
github.com/dpopsuev/parchment/render.go:126.2,128.25 3 0
github.com/dpopsuev/parchment/render.go:128.25,131.3 2 0
github.com/dpopsuev/parchment/render.go:133.2,134.19 2 0
github.com/dpopsuev/parchment/render.go:138.89,139.20 1 0
github.com/dpopsuev/parchment/render.go:139.20,141.3 1 0
github.com/dpopsuev/parchment/render.go:143.2,144.77 2 0
github.com/dpopsuev/parchment/render.go:144.77,146.3 1 0
github.com/dpopsuev/parchment/render.go:146.8,148.3 1 0
github.com/dpopsuev/parchment/render.go:149.2,150.25 2 0
github.com/dpopsuev/parchment/render.go:150.25,153.3 2 0
github.com/dpopsuev/parchment/render.go:155.2,156.25 2 0
github.com/dpopsuev/parchment/render.go:156.25,158.32 2 0
github.com/dpopsuev/parchment/render.go:158.32,159.30 1 0
github.com/dpopsuev/parchment/render.go:159.30,162.5 2 0
github.com/dpopsuev/parchment/render.go:164.3,164.25 1 0
github.com/dpopsuev/parchment/render.go:164.25,165.16 1 0
github.com/dpopsuev/parchment/render.go:165.16,167.5 1 0
github.com/dpopsuev/parchment/render.go:169.8,170.25 1 0
github.com/dpopsuev/parchment/render.go:170.25,172.4 1 0
github.com/dpopsuev/parchment/render.go:173.3,173.24 1 0
github.com/dpopsuev/parchment/render.go:176.2,178.30 3 0
github.com/dpopsuev/parchment/render.go:178.30,182.18 4 0
github.com/dpopsuev/parchment/render.go:182.18,184.4 1 0
github.com/dpopsuev/parchment/render.go:185.3,186.27 2 0
github.com/dpopsuev/parchment/render.go:186.27,188.21 2 0
github.com/dpopsuev/parchment/render.go:188.21,190.5 1 0
github.com/dpopsuev/parchment/render.go:191.4,192.22 2 0
github.com/dpopsuev/parchment/render.go:192.22,194.5 1 0
github.com/dpopsuev/parchment/render.go:195.4,196.22 2 0
github.com/dpopsuev/parchment/render.go:196.22,198.5 1 0
github.com/dpopsuev/parchment/render.go:199.4,199.93 1 0
github.com/dpopsuev/parchment/render.go:202.2,203.19 2 0
github.com/dpopsuev/parchment/render.go:207.95,208.20 1 0
github.com/dpopsuev/parchment/render.go:208.20,210.3 1 0
github.com/dpopsuev/parchment/render.go:211.2,212.25 2 0
github.com/dpopsuev/parchment/render.go:212.25,214.23 2 0
github.com/dpopsuev/parchment/render.go:214.23,216.4 1 0
github.com/dpopsuev/parchment/render.go:216.9,217.29 1 0
github.com/dpopsuev/parchment/render.go:217.29,219.5 1 0
github.com/dpopsuev/parchment/render.go:222.2,223.24 2 0
github.com/dpopsuev/parchment/render.go:223.24,225.3 1 0
github.com/dpopsuev/parchment/render.go:226.2,228.25 3 0
github.com/dpopsuev/parchment/render.go:228.25,231.3 2 0
github.com/dpopsuev/parchment/render.go:232.2,232.19 1 0
github.com/dpopsuev/parchment/render.go:236.39,239.2 2 0
github.com/dpopsuev/parchment/render.go:242.46,245.2 2 0
github.com/dpopsuev/parchment/render.go:249.55,250.15 1 0
github.com/dpopsuev/parchment/render.go:251.16,252.18 1 0
github.com/dpopsuev/parchment/render.go:253.15,254.17 1 0
github.com/dpopsuev/parchment/render.go:255.14,256.16 1 0
github.com/dpopsuev/parchment/render.go:257.16,258.18 1 0
github.com/dpopsuev/parchment/render.go:259.10,260.18 1 0
github.com/dpopsuev/parchment/render.go:264.54,265.23 1 0
github.com/dpopsuev/parchment/render.go:265.23,267.3 1 0
github.com/dpopsuev/parchment/render.go:268.2,268.12 1 0
github.com/dpopsuev/parchment/render.go:271.63,273.2 1 0
github.com/dpopsuev/parchment/render.go:275.50,277.19 2 0
github.com/dpopsuev/parchment/render.go:277.19,279.3 1 0
github.com/dpopsuev/parchment/render.go:280.2,281.13 2 0
github.com/dpopsuev/parchment/schema.go:71.45,72.33 1 1
github.com/dpopsuev/parchment/schema.go:72.33,74.3 1 1
github.com/dpopsuev/parchment/schema.go:75.2,75.20 1 0
github.com/dpopsuev/parchment/schema.go:75.20,77.3 1 0
github.com/dpopsuev/parchment/schema.go:78.2,78.30 1 0
github.com/dpopsuev/parchment/schema.go:83.47,84.50 1 1
github.com/dpopsuev/parchment/schema.go:84.50,86.3 1 1
github.com/dpopsuev/parchment/schema.go:87.2,88.21 2 0
github.com/dpopsuev/parchment/schema.go:88.21,90.3 1 0
github.com/dpopsuev/parchment/schema.go:91.2,91.14 1 0
github.com/dpopsuev/parchment/schema.go:95.48,96.33 1 1
github.com/dpopsuev/parchment/schema.go:96.33,98.3 1 1
github.com/dpopsuev/parchment/schema.go:99.2,99.14 1 0
github.com/dpopsuev/parchment/schema.go:104.54,105.21 1 1
github.com/dpopsuev/parchment/schema.go:105.21,107.3 1 0
github.com/dpopsuev/parchment/schema.go:108.2,108.26 1 1
github.com/dpopsuev/parchment/schema.go:108.26,109.16 1 1
github.com/dpopsuev/parchment/schema.go:109.16,111.4 1 1
github.com/dpopsuev/parchment/schema.go:113.2,117.42 4 1
github.com/dpopsuev/parchment/schema.go:121.49,122.40 1 1
github.com/dpopsuev/parchment/schema.go:122.40,123.19 1 1
github.com/dpopsuev/parchment/schema.go:123.19,125.4 1 1
github.com/dpopsuev/parchment/schema.go:127.2,127.14 1 1
github.com/dpopsuev/parchment/schema.go:131.49,132.40 1 1
github.com/dpopsuev/parchment/schema.go:132.40,133.19 1 1
github.com/dpopsuev/parchment/schema.go:133.19,135.4 1 1
github.com/dpopsuev/parchment/schema.go:137.2,137.14 1 1
github.com/dpopsuev/parchment/schema.go:141.52,142.59 1 1
github.com/dpopsuev/parchment/schema.go:142.59,144.3 1 0
github.com/dpopsuev/parchment/schema.go:145.2,145.16 1 1
github.com/dpopsuev/parchment/schema.go:151.60,153.9 2 0
github.com/dpopsuev/parchment/schema.go:153.9,155.3 1 0
github.com/dpopsuev/parchment/schema.go:156.2,156.89 1 0
github.com/dpopsuev/parchment/schema.go:156.89,162.3 5 0
github.com/dpopsuev/parchment/schema.go:163.2,163.28 1 0
github.com/dpopsuev/parchment/schema.go:167.56,168.33 1 1
github.com/dpopsuev/parchment/schema.go:168.33,170.3 1 1
github.com/dpopsuev/parchment/schema.go:171.2,171.12 1 0
github.com/dpopsuev/parchment/schema.go:175.58,176.33 1 1
github.com/dpopsuev/parchment/schema.go:176.33,178.3 1 1
github.com/dpopsuev/parchment/schema.go:179.2,179.12 1 0
github.com/dpopsuev/parchment/schema.go:184.72,186.9 2 0
github.com/dpopsuev/parchment/schema.go:186.9,188.3 1 0
github.com/dpopsuev/parchment/schema.go:189.2,192.24 4 0
github.com/dpopsuev/parchment/schema.go:192.24,194.3 1 0
github.com/dpopsuev/parchment/schema.go:195.2,195.24 1 0
github.com/dpopsuev/parchment/schema.go:195.24,197.3 1 0
github.com/dpopsuev/parchment/schema.go:198.2,199.27 2 0
github.com/dpopsuev/parchment/schema.go:199.27,201.3 1 0
github.com/dpopsuev/parchment/schema.go:202.2,203.32 2 0
github.com/dpopsuev/parchment/schema.go:203.32,204.21 1 0
github.com/dpopsuev/parchment/schema.go:204.21,206.4 1 0
github.com/dpopsuev/parchment/schema.go:208.2,208.16 1 0
github.com/dpopsuev/parchment/schema.go:212.78,214.22 2 1
github.com/dpopsuev/parchment/schema.go:214.22,216.3 1 1
github.com/dpopsuev/parchment/schema.go:217.2,218.27 2 1
github.com/dpopsuev/parchment/schema.go:218.27,220.3 1 1
github.com/dpopsuev/parchment/schema.go:221.2,222.30 2 1
github.com/dpopsuev/parchment/schema.go:222.30,223.21 1 1
github.com/dpopsuev/parchment/schema.go:223.21,225.4 1 1
github.com/dpopsuev/parchment/schema.go:227.2,227.16 1 1
github.com/dpopsuev/parchment/schema.go:231.64,233.40 2 1
github.com/dpopsuev/parchment/schema.go:233.40,235.3 1 1
github.com/dpopsuev/parchment/schema.go:236.2,237.38 2 0
github.com/dpopsuev/parchment/schema.go:237.38,238.12 1 0
github.com/dpopsuev/parchment/schema.go:239.22,240.26 1 0
github.com/dpopsuev/parchment/schema.go:240.26,242.5 1 0
github.com/dpopsuev/parchment/schema.go:243.19,244.23 1 0
github.com/dpopsuev/parchment/schema.go:244.23,246.5 1 0
github.com/dpopsuev/parchment/schema.go:247.20,248.24 1 0
github.com/dpopsuev/parchment/schema.go:248.24,250.5 1 0
github.com/dpopsuev/parchment/schema.go:251.18,252.22 1 0
github.com/dpopsuev/parchment/schema.go:252.22,254.5 1 0
github.com/dpopsuev/parchment/schema.go:257.2,257.16 1 0
github.com/dpopsuev/parchment/schema.go:262.65,264.41 2 1
github.com/dpopsuev/parchment/schema.go:264.41,266.3 1 1
github.com/dpopsuev/parchment/schema.go:267.2,268.35 2 0
github.com/dpopsuev/parchment/schema.go:268.35,269.40 1 0
github.com/dpopsuev/parchment/schema.go:269.40,271.4 1 0
github.com/dpopsuev/parchment/schema.go:273.2,274.42 2 0
github.com/dpopsuev/parchment/schema.go:274.42,275.20 1 0
github.com/dpopsuev/parchment/schema.go:275.20,277.4 1 0
github.com/dpopsuev/parchment/schema.go:279.2,279.16 1 0
github.com/dpopsuev/parchment/schema.go:283.56,284.33 1 1
github.com/dpopsuev/parchment/schema.go:284.33,286.3 1 1
github.com/dpopsuev/parchment/schema.go:287.2,287.14 1 0
github.com/dpopsuev/parchment/schema.go:292.47,293.33 1 1
github.com/dpopsuev/parchment/schema.go:293.33,294.21 1 1
github.com/dpopsuev/parchment/schema.go:294.21,296.4 1 1
github.com/dpopsuev/parchment/schema.go:298.2,298.22 1 0
github.com/dpopsuev/parchment/schema.go:302.49,304.33 2 1
github.com/dpopsuev/parchment/schema.go:304.33,305.22 1 1
github.com/dpopsuev/parchment/schema.go:305.22,307.4 1 1
github.com/dpopsuev/parchment/schema.go:309.2,309.12 1 1
github.com/dpopsuev/parchment/schema.go:313.54,314.58 1 0
github.com/dpopsuev/parchment/schema.go:314.58,316.3 1 0
github.com/dpopsuev/parchment/schema.go:317.2,317.17 1 0
github.com/dpopsuev/parchment/schema.go:322.55,323.59 1 1
github.com/dpopsuev/parchment/schema.go:323.59,325.3 1 1
github.com/dpopsuev/parchment/schema.go:326.2,326.19 1 1
github.com/dpopsuev/parchment/schema.go:331.63,332.33 1 1
github.com/dpopsuev/parchment/schema.go:332.33,334.3 1 1
github.com/dpopsuev/parchment/schema.go:335.2,335.14 1 0
github.com/dpopsuev/parchment/schema.go:340.65,341.33 1 1
github.com/dpopsuev/parchment/schema.go:341.33,343.3 1 1
github.com/dpopsuev/parchment/schema.go:344.2,344.14 1 0
github.com/dpopsuev/parchment/schema.go:350.72,352.37 2 1
github.com/dpopsuev/parchment/schema.go:352.37,354.3 1 1
github.com/dpopsuev/parchment/schema.go:355.2,356.13 2 1
github.com/dpopsuev/parchment/schema.go:356.13,358.3 1 1
github.com/dpopsuev/parchment/schema.go:359.2,359.28 1 1
github.com/dpopsuev/parchment/schema.go:359.28,360.14 1 1
github.com/dpopsuev/parchment/schema.go:360.14,362.4 1 1
github.com/dpopsuev/parchment/schema.go:364.2,365.54 1 1
github.com/dpopsuev/parchment/schema.go:370.54,371.28 1 1
github.com/dpopsuev/parchment/schema.go:371.28,373.3 1 0
github.com/dpopsuev/parchment/schema.go:374.2,374.33 1 1
github.com/dpopsuev/parchment/schema.go:374.33,375.20 1 1
github.com/dpopsuev/parchment/schema.go:375.20,377.4 1 1
github.com/dpopsuev/parchment/schema.go:379.2,379.14 1 1
github.com/dpopsuev/parchment/schema.go:385.74,387.9 2 1
github.com/dpopsuev/parchment/schema.go:387.9,389.3 1 0
github.com/dpopsuev/parchment/schema.go:390.2,390.24 1 1
github.com/dpopsuev/parchment/schema.go:390.24,392.3 1 0
github.com/dpopsuev/parchment/schema.go:393.2,393.32 1 1
github.com/dpopsuev/parchment/schema.go:393.32,394.21 1 1
github.com/dpopsuev/parchment/schema.go:394.21,396.4 1 1
github.com/dpopsuev/parchment/schema.go:398.2,398.27 1 1
github.com/dpopsuev/parchment/schema.go:398.27,400.3 1 1
github.com/dpopsuev/parchment/schema.go:401.2,402.65 1 0
github.com/dpopsuev/parchment/schema.go:406.48,409.2 2 1
github.com/dpopsuev/parchment/schema.go:412.39,414.25 2 1
github.com/dpopsuev/parchment/schema.go:414.25,416.3 1 1
github.com/dpopsuev/parchment/schema.go:417.2,418.12 2 1
github.com/dpopsuev/parchment/schema.go:422.49,423.16 1 1
github.com/dpopsuev/parchment/schema.go:423.16,425.3 1 0
github.com/dpopsuev/parchment/schema.go:426.2,426.32 1 1
github.com/dpopsuev/parchment/schema.go:426.32,427.15 1 1
github.com/dpopsuev/parchment/schema.go:427.15,429.4 1 1
github.com/dpopsuev/parchment/schema.go:431.2,431.14 1 1
github.com/dpopsuev/parchment/schema.go:442.38,445.32 3 1
github.com/dpopsuev/parchment/schema.go:445.32,447.3 1 1
github.com/dpopsuev/parchment/schema.go:449.2,449.40 1 1
github.com/dpopsuev/parchment/schema.go:449.40,450.21 1 1
github.com/dpopsuev/parchment/schema.go:450.21,453.4 1 0
github.com/dpopsuev/parchment/schema.go:455.2,455.40 1 1
github.com/dpopsuev/parchment/schema.go:455.40,456.21 1 1
github.com/dpopsuev/parchment/schema.go:456.21,459.4 1 0
github.com/dpopsuev/parchment/schema.go:462.2,463.32 2 1
github.com/dpopsuev/parchment/schema.go:463.32,465.3 1 1
github.com/dpopsuev/parchment/schema.go:467.2,468.40 2 1
github.com/dpopsuev/parchment/schema.go:468.40,470.3 1 1
github.com/dpopsuev/parchment/schema.go:472.2,472.54 1 1
github.com/dpopsuev/parchment/schema.go:472.54,474.34 2 1
github.com/dpopsuev/parchment/schema.go:474.34,475.30 1 1
github.com/dpopsuev/parchment/schema.go:475.30,477.10 2 1
github.com/dpopsuev/parchment/schema.go:480.3,480.13 1 1
github.com/dpopsuev/parchment/schema.go:480.13,483.4 1 0
github.com/dpopsuev/parchment/schema.go:486.2,486.32 1 1
github.com/dpopsuev/parchment/schema.go:486.32,487.61 1 1
github.com/dpopsuev/parchment/schema.go:487.61,490.4 1 0
github.com/dpopsuev/parchment/schema.go:491.3,491.59 1 1
github.com/dpopsuev/parchment/schema.go:491.59,494.4 1 0
github.com/dpopsuev/parchment/schema.go:496.3,496.25 1 1
github.com/dpopsuev/parchment/schema.go:496.25,497.35 1 1
github.com/dpopsuev/parchment/schema.go:497.35,498.34 1 1
github.com/dpopsuev/parchment/schema.go:498.34,501.6 1 0
github.com/dpopsuev/parchment/schema.go:505.3,505.45 1 1
github.com/dpopsuev/parchment/schema.go:505.45,506.20 1 1
github.com/dpopsuev/parchment/schema.go:506.20,509.5 1 0
github.com/dpopsuev/parchment/schema.go:511.3,511.45 1 1
github.com/dpopsuev/parchment/schema.go:511.45,512.20 1 1
github.com/dpopsuev/parchment/schema.go:512.20,515.5 1 0
github.com/dpopsuev/parchment/schema.go:517.3,517.53 1 1
github.com/dpopsuev/parchment/schema.go:517.53,518.20 1 1
github.com/dpopsuev/parchment/schema.go:518.20,521.5 1 0
github.com/dpopsuev/parchment/schema.go:523.3,523.50 1 1
github.com/dpopsuev/parchment/schema.go:523.50,524.20 1 1
github.com/dpopsuev/parchment/schema.go:524.20,527.5 1 0
github.com/dpopsuev/parchment/schema.go:528.4,528.31 1 1
github.com/dpopsuev/parchment/schema.go:528.31,529.34 1 1
github.com/dpopsuev/parchment/schema.go:529.34,532.6 1 0
github.com/dpopsuev/parchment/schema.go:536.3,536.41 1 1
github.com/dpopsuev/parchment/schema.go:536.41,537.24 1 1
github.com/dpopsuev/parchment/schema.go:537.24,540.5 1 0
github.com/dpopsuev/parchment/schema.go:541.4,541.27 1 1
github.com/dpopsuev/parchment/schema.go:541.27,542.23 1 1
github.com/dpopsuev/parchment/schema.go:542.23,545.6 1 0
github.com/dpopsuev/parchment/schema.go:547.4,547.43 1 1
github.com/dpopsuev/parchment/schema.go:547.43,550.5 1 0
github.com/dpopsuev/parchment/schema.go:554.2,554.16 1 1
github.com/dpopsuev/parchment/schema.go:558.32,562.2 3 1
github.com/dpopsuev/parchment/schema.go:566.50,567.20 1 0
github.com/dpopsuev/parchment/schema.go:567.20,569.3 1 0
github.com/dpopsuev/parchment/schema.go:569.8,570.36 1 0
github.com/dpopsuev/parchment/schema.go:570.36,571.40 1 0
github.com/dpopsuev/parchment/schema.go:571.40,573.5 1 0
github.com/dpopsuev/parchment/schema.go:576.2,576.26 1 0
github.com/dpopsuev/parchment/schema.go:576.26,578.3 1 0
github.com/dpopsuev/parchment/schema.go:579.2,579.34 1 0
github.com/dpopsuev/parchment/schema.go:579.34,581.3 1 0
github.com/dpopsuev/parchment/schema.go:582.2,582.34 1 0
github.com/dpopsuev/parchment/schema.go:582.34,584.3 1 0
github.com/dpopsuev/parchment/schema.go:585.2,585.27 1 0
github.com/dpopsuev/parchment/schema.go:585.27,587.3 1 0
github.com/dpopsuev/parchment/schema.go:588.2,588.28 1 0
github.com/dpopsuev/parchment/schema.go:588.28,590.3 1 0
github.com/dpopsuev/parchment/schema.go:591.2,591.29 1 0
github.com/dpopsuev/parchment/schema.go:591.29,593.3 1 0
github.com/dpopsuev/parchment/schema.go:594.2,594.28 1 0
github.com/dpopsuev/parchment/schema.go:594.28,596.3 1 0
github.com/dpopsuev/parchment/schema.go:600.30,730.2 1 1
github.com/dpopsuev/parchment/schema.go:734.44,745.2 1 1
github.com/dpopsuev/parchment/seed.go:21.79,26.52 3 0
github.com/dpopsuev/parchment/seed.go:26.52,27.29 1 0
github.com/dpopsuev/parchment/seed.go:27.29,28.56 1 0
github.com/dpopsuev/parchment/seed.go:28.56,29.13 1 0
github.com/dpopsuev/parchment/seed.go:31.4,33.18 3 0
github.com/dpopsuev/parchment/seed.go:33.18,35.13 2 0
github.com/dpopsuev/parchment/seed.go:38.4,38.64 1 0
github.com/dpopsuev/parchment/seed.go:38.64,40.13 2 0
github.com/dpopsuev/parchment/seed.go:42.4,42.48 1 0
github.com/dpopsuev/parchment/seed.go:42.48,44.5 1 0
github.com/dpopsuev/parchment/seed.go:45.4,46.73 2 0
github.com/dpopsuev/parchment/seed.go:51.2,52.52 2 0
github.com/dpopsuev/parchment/seed.go:52.52,53.29 1 0
github.com/dpopsuev/parchment/seed.go:53.29,54.98 1 0
github.com/dpopsuev/parchment/seed.go:54.98,55.13 1 0
github.com/dpopsuev/parchment/seed.go:57.4,59.18 3 0
github.com/dpopsuev/parchment/seed.go:59.18,61.13 2 0
github.com/dpopsuev/parchment/seed.go:63.4,63.64 1 0
github.com/dpopsuev/parchment/seed.go:63.64,65.13 2 0
github.com/dpopsuev/parchment/seed.go:67.4,67.48 1 0
github.com/dpopsuev/parchment/seed.go:67.48,69.5 1 0
github.com/dpopsuev/parchment/seed.go:70.4,71.71 2 0
github.com/dpopsuev/parchment/seed.go:75.2,75.20 1 0
github.com/dpopsuev/parchment/seed.go:81.56,83.16 2 0
github.com/dpopsuev/parchment/seed.go:83.16,85.3 1 0
github.com/dpopsuev/parchment/seed.go:86.2,93.41 3 0
github.com/dpopsuev/parchment/seed.go:93.41,95.15 2 0
github.com/dpopsuev/parchment/seed.go:95.15,98.49 3 0
github.com/dpopsuev/parchment/seed.go:98.49,100.24 2 0
github.com/dpopsuev/parchment/seed.go:100.24,101.14 1 0
github.com/dpopsuev/parchment/seed.go:103.5,105.16 3 0
github.com/dpopsuev/parchment/seed.go:106.15,107.18 1 0
github.com/dpopsuev/parchment/seed.go:108.18,109.21 1 0
github.com/dpopsuev/parchment/seed.go:110.18,111.21 1 0
github.com/dpopsuev/parchment/seed.go:112.19,114.48 2 0
github.com/dpopsuev/parchment/seed.go:114.48,116.18 2 0
github.com/dpopsuev/parchment/seed.go:116.18,118.8 1 0
github.com/dpopsuev/parchment/seed.go:125.2,125.18 1 0
github.com/dpopsuev/parchment/seed.go:125.18,129.3 2 0
github.com/dpopsuev/parchment/seed.go:130.2,130.21 1 0
github.com/dpopsuev/parchment/seed.go:130.21,133.3 2 0
github.com/dpopsuev/parchment/seed.go:136.2,140.21 5 0
github.com/dpopsuev/parchment/seed.go:140.21,142.37 2 0
github.com/dpopsuev/parchment/seed.go:142.37,143.28 1 0
github.com/dpopsuev/parchment/seed.go:143.28,148.5 1 0
github.com/dpopsuev/parchment/seed.go:149.4,150.23 2 0
github.com/dpopsuev/parchment/seed.go:151.9,151.34 1 0
github.com/dpopsuev/parchment/seed.go:151.34,154.4 2 0
github.com/dpopsuev/parchment/seed.go:156.2,156.26 1 0
github.com/dpopsuev/parchment/seed.go:156.26,161.3 1 0
github.com/dpopsuev/parchment/seed.go:163.2,163.17 1 0
github.com/dpopsuev/parchment/seed.go:168.54,170.16 2 0
github.com/dpopsuev/parchment/seed.go:170.16,172.3 1 0
github.com/dpopsuev/parchment/seed.go:174.2,176.23 3 0
github.com/dpopsuev/parchment/seed.go:176.23,178.3 1 0
github.com/dpopsuev/parchment/seed.go:180.2,189.57 2 0
github.com/dpopsuev/parchment/seed.go:189.57,191.49 2 0
github.com/dpopsuev/parchment/seed.go:191.49,192.12 1 0
github.com/dpopsuev/parchment/seed.go:194.3,195.22 2 0
github.com/dpopsuev/parchment/seed.go:195.22,199.4 3 0
github.com/dpopsuev/parchment/seed.go:202.2,202.17 1 0
github.com/dpopsuev/parchment/snapshot.go:36.40,37.20 1 0
github.com/dpopsuev/parchment/snapshot.go:37.20,39.3 1 0
github.com/dpopsuev/parchment/snapshot.go:40.2,40.11 1 0
github.com/dpopsuev/parchment/snapshot.go:43.42,44.22 1 0
github.com/dpopsuev/parchment/snapshot.go:44.22,46.3 1 0
github.com/dpopsuev/parchment/snapshot.go:47.2,47.11 1 0
github.com/dpopsuev/parchment/snapshot.go:50.46,51.22 1 0
github.com/dpopsuev/parchment/snapshot.go:51.22,53.3 1 0
github.com/dpopsuev/parchment/snapshot.go:54.2,54.11 1 0
github.com/dpopsuev/parchment/snapshot.go:79.72,81.2 1 1
github.com/dpopsuev/parchment/snapshot.go:84.87,86.2 1 0
github.com/dpopsuev/parchment/snapshot.go:89.73,91.2 1 0
github.com/dpopsuev/parchment/snapshot.go:94.84,97.16 2 0
github.com/dpopsuev/parchment/snapshot.go:97.16,99.3 1 0
github.com/dpopsuev/parchment/snapshot.go:100.2,101.25 2 0
github.com/dpopsuev/parchment/snapshot.go:101.25,103.3 1 0
github.com/dpopsuev/parchment/snapshot.go:106.2,107.16 2 0
github.com/dpopsuev/parchment/snapshot.go:107.16,109.3 1 0
github.com/dpopsuev/parchment/snapshot.go:111.2,112.33 2 0
github.com/dpopsuev/parchment/snapshot.go:112.33,114.14 2 0
github.com/dpopsuev/parchment/snapshot.go:114.14,116.4 1 0
github.com/dpopsuev/parchment/snapshot.go:116.9,116.29 1 0
github.com/dpopsuev/parchment/snapshot.go:116.29,118.4 1 0
github.com/dpopsuev/parchment/snapshot.go:120.2,120.27 1 0
github.com/dpopsuev/parchment/snapshot.go:120.27,121.38 1 0
github.com/dpopsuev/parchment/snapshot.go:121.38,123.4 1 0
github.com/dpopsuev/parchment/snapshot.go:126.2,130.18 4 0
github.com/dpopsuev/parchment/snapshot.go:134.83,136.16 2 0
github.com/dpopsuev/parchment/snapshot.go:136.16,138.3 1 0
github.com/dpopsuev/parchment/snapshot.go:140.2,144.33 4 0
github.com/dpopsuev/parchment/snapshot.go:144.33,146.64 2 0
github.com/dpopsuev/parchment/snapshot.go:146.64,148.4 1 0
github.com/dpopsuev/parchment/snapshot.go:149.3,149.19 1 0
github.com/dpopsuev/parchment/snapshot.go:149.19,150.58 1 0
github.com/dpopsuev/parchment/snapshot.go:150.58,153.5 2 0
github.com/dpopsuev/parchment/snapshot.go:157.2,157.21 1 0
github.com/dpopsuev/parchment/snapshot.go:161.70,163.62 1 0
github.com/dpopsuev/parchment/snapshot.go:163.62,165.3 1 0
github.com/dpopsuev/parchment/snapshot.go:166.2,166.36 1 0
github.com/dpopsuev/parchment/snapshot.go:170.77,172.39 2 1
github.com/dpopsuev/parchment/snapshot.go:172.39,173.56 1 1
github.com/dpopsuev/parchment/snapshot.go:173.56,175.4 1 0
github.com/dpopsuev/parchment/snapshot.go:176.3,176.9 1 1
github.com/dpopsuev/parchment/snapshot.go:179.2,181.46 3 0
github.com/dpopsuev/parchment/snapshot.go:181.46,182.56 1 0
github.com/dpopsuev/parchment/snapshot.go:182.56,184.4 1 0
github.com/dpopsuev/parchment/snapshot.go:184.9,186.4 1 0
github.com/dpopsuev/parchment/snapshot_local.go:23.83,25.2 1 1
github.com/dpopsuev/parchment/snapshot_local.go:27.94,29.21 1 1
github.com/dpopsuev/parchment/snapshot_local.go:29.21,30.89 1 1
github.com/dpopsuev/parchment/snapshot_local.go:30.89,32.4 1 0
github.com/dpopsuev/parchment/snapshot_local.go:35.2,37.16 3 1
github.com/dpopsuev/parchment/snapshot_local.go:37.16,39.3 1 1
github.com/dpopsuev/parchment/snapshot_local.go:40.2,42.53 2 1
github.com/dpopsuev/parchment/snapshot_local.go:42.53,44.3 1 0
github.com/dpopsuev/parchment/snapshot_local.go:46.2,47.16 2 1
github.com/dpopsuev/parchment/snapshot_local.go:47.16,49.3 1 0
github.com/dpopsuev/parchment/snapshot_local.go:51.2,53.16 3 1
github.com/dpopsuev/parchment/snapshot_local.go:53.16,57.3 3 1
github.com/dpopsuev/parchment/snapshot_local.go:59.2,68.18 3 1
github.com/dpopsuev/parchment/snapshot_local.go:71.82,77.16 5 1
github.com/dpopsuev/parchment/snapshot_local.go:77.16,79.3 1 0
github.com/dpopsuev/parchment/snapshot_local.go:81.2,82.28 2 1
github.com/dpopsuev/parchment/snapshot_local.go:82.28,83.56 1 1
github.com/dpopsuev/parchment/snapshot_local.go:83.56,84.12 1 1
github.com/dpopsuev/parchment/snapshot_local.go:86.3,87.17 2 0
github.com/dpopsuev/parchment/snapshot_local.go:87.17,88.12 1 0
github.com/dpopsuev/parchment/snapshot_local.go:91.3,95.22 5 0
github.com/dpopsuev/parchment/snapshot_local.go:95.22,97.23 2 0
github.com/dpopsuev/parchment/snapshot_local.go:97.23,99.5 1 0
github.com/dpopsuev/parchment/snapshot_local.go:101.3,108.5 2 0
github.com/dpopsuev/parchment/snapshot_local.go:111.2,111.44 1 1
github.com/dpopsuev/parchment/snapshot_local.go:111.44,113.3 1 0
github.com/dpopsuev/parchment/snapshot_local.go:115.2,115.23 1 1
github.com/dpopsuev/parchment/snapshot_local.go:118.76,120.2 1 0
github.com/dpopsuev/parchment/snapshot_local.go:122.110,124.16 2 0
github.com/dpopsuev/parchment/snapshot_local.go:124.16,126.3 1 0
github.com/dpopsuev/parchment/snapshot_local.go:127.2,130.16 3 0
github.com/dpopsuev/parchment/snapshot_local.go:130.16,132.3 1 0
github.com/dpopsuev/parchment/snapshot_local.go:133.2,136.18 3 0
github.com/dpopsuev/parchment/snapshot_local.go:136.18,140.3 3 0
github.com/dpopsuev/parchment/snapshot_local.go:141.2,141.26 1 0
github.com/dpopsuev/parchment/snapshot_local.go:144.79,145.40 1 0
github.com/dpopsuev/parchment/snapshot_local.go:145.40,147.3 1 0
github.com/dpopsuev/parchment/snapshot_local.go:148.2,148.48 1 0
github.com/dpopsuev/parchment/snapshot_local.go:148.48,150.3 1 0
github.com/dpopsuev/parchment/snapshot_local.go:151.2,152.12 2 0
github.com/dpopsuev/parchment/snapshot_local.go:155.38,157.16 2 1
github.com/dpopsuev/parchment/snapshot_local.go:157.16,159.3 1 0
github.com/dpopsuev/parchment/snapshot_local.go:160.2,163.16 3 1
github.com/dpopsuev/parchment/snapshot_local.go:163.16,165.3 1 0
github.com/dpopsuev/parchment/snapshot_local.go:166.2,168.44 2 1
github.com/dpopsuev/parchment/snapshot_local.go:168.44,170.3 1 0
github.com/dpopsuev/parchment/snapshot_local.go:171.2,171.19 1 1
github.com/dpopsuev/parchment/sqlite.go:88.33,89.50 1 0
github.com/dpopsuev/parchment/sqlite.go:89.50,91.3 1 0
github.com/dpopsuev/parchment/sqlite.go:92.2,93.56 2 0
github.com/dpopsuev/parchment/sqlite.go:106.41,107.25 1 1
github.com/dpopsuev/parchment/sqlite.go:107.25,109.3 1 0
github.com/dpopsuev/parchment/sqlite.go:110.2,110.13 1 1
github.com/dpopsuev/parchment/sqlite.go:113.40,114.26 1 1
github.com/dpopsuev/parchment/sqlite.go:114.26,116.3 1 0
github.com/dpopsuev/parchment/sqlite.go:117.2,117.10 1 1
github.com/dpopsuev/parchment/sqlite.go:120.44,121.25 1 1
github.com/dpopsuev/parchment/sqlite.go:121.25,123.3 1 0
github.com/dpopsuev/parchment/sqlite.go:124.2,124.14 1 1
github.com/dpopsuev/parchment/sqlite.go:135.40,135.59 1 0
github.com/dpopsuev/parchment/sqlite.go:138.39,138.58 1 0
github.com/dpopsuev/parchment/sqlite.go:141.52,143.2 1 1
github.com/dpopsuev/parchment/sqlite.go:146.63,148.16 2 1
github.com/dpopsuev/parchment/sqlite.go:148.16,150.3 1 0
github.com/dpopsuev/parchment/sqlite.go:151.2,153.60 2 1
github.com/dpopsuev/parchment/sqlite.go:153.60,155.3 1 0
github.com/dpopsuev/parchment/sqlite.go:157.2,157.63 1 1
github.com/dpopsuev/parchment/sqlite.go:157.63,159.3 1 0
github.com/dpopsuev/parchment/sqlite.go:161.2,165.16 3 1
github.com/dpopsuev/parchment/sqlite.go:165.16,167.3 1 0
github.com/dpopsuev/parchment/sqlite.go:168.2,170.47 2 1
github.com/dpopsuev/parchment/sqlite.go:170.47,174.3 3 0
github.com/dpopsuev/parchment/sqlite.go:176.2,188.54 6 1
github.com/dpopsuev/parchment/sqlite.go:188.54,190.3 1 0
github.com/dpopsuev/parchment/sqlite.go:193.2,193.101 1 1
github.com/dpopsuev/parchment/sqlite.go:193.101,195.3 1 0
github.com/dpopsuev/parchment/sqlite.go:197.2,198.16 2 1
github.com/dpopsuev/parchment/sqlite.go:198.16,201.3 2 0
github.com/dpopsuev/parchment/sqlite.go:202.2,207.12 3 1
github.com/dpopsuev/parchment/sqlite.go:207.12,210.22 3 1
github.com/dpopsuev/parchment/sqlite.go:210.22,211.104 1 0
github.com/dpopsuev/parchment/sqlite.go:211.104,213.5 1 0
github.com/dpopsuev/parchment/sqlite.go:217.2,224.16 5 1
github.com/dpopsuev/parchment/sqlite.go:227.27,231.2 3 1
github.com/dpopsuev/parchment/sqlite.go:236.46,241.16 2 1
github.com/dpopsuev/parchment/sqlite.go:241.16,243.3 1 0
github.com/dpopsuev/parchment/sqlite.go:244.2,250.18 4 1
github.com/dpopsuev/parchment/sqlite.go:250.18,252.51 2 0
github.com/dpopsuev/parchment/sqlite.go:252.51,253.12 1 0
github.com/dpopsuev/parchment/sqlite.go:256.3,257.46 2 0
github.com/dpopsuev/parchment/sqlite.go:257.46,258.12 1 0
github.com/dpopsuev/parchment/sqlite.go:260.3,262.17 3 0
github.com/dpopsuev/parchment/sqlite.go:262.17,263.12 1 0
github.com/dpopsuev/parchment/sqlite.go:265.3,266.23 2 0
github.com/dpopsuev/parchment/sqlite.go:266.23,268.4 1 0
github.com/dpopsuev/parchment/sqlite.go:270.2,270.35 1 1
github.com/dpopsuev/parchment/sqlite.go:270.35,272.3 1 0
github.com/dpopsuev/parchment/sqlite.go:274.2,274.29 1 1
github.com/dpopsuev/parchment/sqlite.go:274.29,279.17 2 0
github.com/dpopsuev/parchment/sqlite.go:279.17,281.4 1 0
github.com/dpopsuev/parchment/sqlite.go:284.3,289.17 3 0
github.com/dpopsuev/parchment/sqlite.go:289.17,291.4 1 0
github.com/dpopsuev/parchment/sqlite.go:293.2,293.12 1 1
github.com/dpopsuev/parchment/sqlite.go:296.37,299.2 2 1
github.com/dpopsuev/parchment/sqlite.go:302.71,304.92 2 0
github.com/dpopsuev/parchment/sqlite.go:304.92,306.3 1 0
github.com/dpopsuev/parchment/sqlite.go:307.2,307.90 1 0
github.com/dpopsuev/parchment/sqlite.go:307.90,309.3 1 0
github.com/dpopsuev/parchment/sqlite.go:310.2,310.34 1 0
github.com/dpopsuev/parchment/sqlite.go:313.69,314.18 1 1
github.com/dpopsuev/parchment/sqlite.go:314.18,316.3 1 0
github.com/dpopsuev/parchment/sqlite.go:317.2,317.19 1 1
github.com/dpopsuev/parchment/sqlite.go:317.19,319.3 1 1
github.com/dpopsuev/parchment/sqlite.go:320.2,321.28 2 1
github.com/dpopsuev/parchment/sqlite.go:321.28,323.3 1 1
github.com/dpopsuev/parchment/sqlite.go:324.2,325.29 2 1
github.com/dpopsuev/parchment/sqlite.go:325.29,327.3 1 1
github.com/dpopsuev/parchment/sqlite.go:329.2,330.16 2 1
github.com/dpopsuev/parchment/sqlite.go:330.16,332.3 1 0
github.com/dpopsuev/parchment/sqlite.go:333.2,338.55 4 1
github.com/dpopsuev/parchment/sqlite.go:338.55,340.60 1 0
github.com/dpopsuev/parchment/sqlite.go:340.60,342.4 1 0
github.com/dpopsuev/parchment/sqlite.go:343.3,343.12 1 0
github.com/dpopsuev/parchment/sqlite.go:346.2,375.16 11 1
github.com/dpopsuev/parchment/sqlite.go:375.16,377.3 1 0
github.com/dpopsuev/parchment/sqlite.go:379.2,379.61 1 1
github.com/dpopsuev/parchment/sqlite.go:379.61,381.3 1 0
github.com/dpopsuev/parchment/sqlite.go:382.2,382.36 1 1
github.com/dpopsuev/parchment/sqlite.go:382.36,384.3 1 0
github.com/dpopsuev/parchment/sqlite.go:387.2,388.12 2 1
github.com/dpopsuev/parchment/sqlite.go:393.69,395.121 2 1
github.com/dpopsuev/parchment/sqlite.go:395.121,397.3 1 0
github.com/dpopsuev/parchment/sqlite.go:398.2,401.43 2 1
github.com/dpopsuev/parchment/sqlite.go:401.43,408.17 3 1
github.com/dpopsuev/parchment/sqlite.go:408.17,410.4 1 1
github.com/dpopsuev/parchment/sqlite.go:411.3,411.19 1 0
github.com/dpopsuev/parchment/sqlite.go:411.19,413.4 1 0
github.com/dpopsuev/parchment/sqlite.go:418.82,423.2 2 1
github.com/dpopsuev/parchment/sqlite.go:427.101,433.18 3 0
github.com/dpopsuev/parchment/sqlite.go:433.18,435.3 1 0
github.com/dpopsuev/parchment/sqlite.go:436.2,438.16 3 0
github.com/dpopsuev/parchment/sqlite.go:438.16,440.3 1 0
github.com/dpopsuev/parchment/sqlite.go:442.2,442.6 1 0
github.com/dpopsuev/parchment/sqlite.go:442.6,447.27 5 0
github.com/dpopsuev/parchment/sqlite.go:447.27,449.18 2 0
github.com/dpopsuev/parchment/sqlite.go:449.18,451.5 1 0
github.com/dpopsuev/parchment/sqlite.go:452.4,453.18 2 0
github.com/dpopsuev/parchment/sqlite.go:453.18,455.5 1 0
github.com/dpopsuev/parchment/sqlite.go:456.4,457.18 2 0
github.com/dpopsuev/parchment/sqlite.go:457.18,459.5 1 0
github.com/dpopsuev/parchment/sqlite.go:460.4,461.18 2 0
github.com/dpopsuev/parchment/sqlite.go:461.18,463.5 1 0
github.com/dpopsuev/parchment/sqlite.go:464.4,466.14 2 0
github.com/dpopsuev/parchment/sqlite.go:468.3,468.17 1 0
github.com/dpopsuev/parchment/sqlite.go:468.17,470.4 1 0
github.com/dpopsuev/parchment/sqlite.go:474.78,477.16 3 1
github.com/dpopsuev/parchment/sqlite.go:477.16,479.3 1 1
github.com/dpopsuev/parchment/sqlite.go:480.2,480.17 1 1
github.com/dpopsuev/parchment/sqlite.go:483.83,487.16 2 1
github.com/dpopsuev/parchment/sqlite.go:487.16,489.3 1 0
github.com/dpopsuev/parchment/sqlite.go:490.2,492.18 3 1
github.com/dpopsuev/parchment/sqlite.go:492.18,494.40 2 1
github.com/dpopsuev/parchment/sqlite.go:494.40,496.4 1 1
github.com/dpopsuev/parchment/sqlite.go:498.2,498.17 1 1
github.com/dpopsuev/parchment/sqlite.go:501.68,508.16 5 1
github.com/dpopsuev/parchment/sqlite.go:508.16,510.3 1 0
github.com/dpopsuev/parchment/sqlite.go:511.2,514.16 3 1
github.com/dpopsuev/parchment/sqlite.go:514.16,516.3 1 0
github.com/dpopsuev/parchment/sqlite.go:517.2,518.12 2 1
github.com/dpopsuev/parchment/sqlite.go:518.12,520.3 1 0
github.com/dpopsuev/parchment/sqlite.go:522.2,522.107 1 1
github.com/dpopsuev/parchment/sqlite.go:522.107,524.3 1 0
github.com/dpopsuev/parchment/sqlite.go:527.2,527.57 1 1
github.com/dpopsuev/parchment/sqlite.go:527.57,529.3 1 0
github.com/dpopsuev/parchment/sqlite.go:531.2,531.36 1 1
github.com/dpopsuev/parchment/sqlite.go:531.36,533.3 1 0
github.com/dpopsuev/parchment/sqlite.go:536.2,536.29 1 1
github.com/dpopsuev/parchment/sqlite.go:536.29,538.3 1 1
github.com/dpopsuev/parchment/sqlite.go:539.2,539.12 1 1
github.com/dpopsuev/parchment/sqlite.go:543.98,548.16 2 1
github.com/dpopsuev/parchment/sqlite.go:548.16,550.3 1 0
github.com/dpopsuev/parchment/sqlite.go:551.2,559.18 4 1
github.com/dpopsuev/parchment/sqlite.go:559.18,561.61 2 0
github.com/dpopsuev/parchment/sqlite.go:561.61,562.12 1 0
github.com/dpopsuev/parchment/sqlite.go:564.3,564.31 1 0
github.com/dpopsuev/parchment/sqlite.go:567.2,567.28 1 1
github.com/dpopsuev/parchment/sqlite.go:567.28,574.26 5 0
github.com/dpopsuev/parchment/sqlite.go:574.26,575.22 1 0
github.com/dpopsuev/parchment/sqlite.go:575.22,577.5 1 0
github.com/dpopsuev/parchment/sqlite.go:577.10,579.5 1 0
github.com/dpopsuev/parchment/sqlite.go:583.3,585.35 3 0
github.com/dpopsuev/parchment/sqlite.go:585.35,587.30 2 0
github.com/dpopsuev/parchment/sqlite.go:587.30,588.23 1 0
github.com/dpopsuev/parchment/sqlite.go:588.23,590.6 1 0
github.com/dpopsuev/parchment/sqlite.go:590.11,592.6 1 0
github.com/dpopsuev/parchment/sqlite.go:594.4,594.23 1 0
github.com/dpopsuev/parchment/sqlite.go:594.23,596.5 1 0
github.com/dpopsuev/parchment/sqlite.go:596.10,598.5 1 0
github.com/dpopsuev/parchment/sqlite.go:601.3,601.14 1 0
github.com/dpopsuev/parchment/sqlite.go:601.14,606.60 3 0
github.com/dpopsuev/parchment/sqlite.go:606.60,608.5 1 0
github.com/dpopsuev/parchment/sqlite.go:611.2,611.12 1 1
github.com/dpopsuev/parchment/sqlite.go:614.80,617.22 3 1
github.com/dpopsuev/parchment/sqlite.go:617.22,620.3 2 0
github.com/dpopsuev/parchment/sqlite.go:621.2,621.18 1 1
github.com/dpopsuev/parchment/sqlite.go:621.18,624.3 2 1
github.com/dpopsuev/parchment/sqlite.go:625.2,625.25 1 1
github.com/dpopsuev/parchment/sqlite.go:625.25,628.3 2 0
github.com/dpopsuev/parchment/sqlite.go:629.2,629.27 1 1
github.com/dpopsuev/parchment/sqlite.go:629.27,632.3 2 0
github.com/dpopsuev/parchment/sqlite.go:633.2,633.23 1 1
github.com/dpopsuev/parchment/sqlite.go:633.23,635.31 2 1
github.com/dpopsuev/parchment/sqlite.go:635.31,638.4 2 1
github.com/dpopsuev/parchment/sqlite.go:639.3,639.78 1 1
github.com/dpopsuev/parchment/sqlite.go:640.8,640.26 1 1
github.com/dpopsuev/parchment/sqlite.go:640.26,643.3 2 1
github.com/dpopsuev/parchment/sqlite.go:644.2,644.20 1 1
github.com/dpopsuev/parchment/sqlite.go:644.20,647.3 2 1
github.com/dpopsuev/parchment/sqlite.go:648.2,648.20 1 1
github.com/dpopsuev/parchment/sqlite.go:648.20,651.3 2 0
github.com/dpopsuev/parchment/sqlite.go:652.2,652.20 1 1
github.com/dpopsuev/parchment/sqlite.go:652.20,655.3 2 0
github.com/dpopsuev/parchment/sqlite.go:656.2,656.26 1 1
github.com/dpopsuev/parchment/sqlite.go:656.26,659.3 2 0
github.com/dpopsuev/parchment/sqlite.go:660.2,660.27 1 1
github.com/dpopsuev/parchment/sqlite.go:660.27,663.3 2 0
github.com/dpopsuev/parchment/sqlite.go:664.2,664.26 1 1
github.com/dpopsuev/parchment/sqlite.go:664.26,667.3 2 0
github.com/dpopsuev/parchment/sqlite.go:668.2,668.27 1 1
github.com/dpopsuev/parchment/sqlite.go:668.27,671.3 2 0
github.com/dpopsuev/parchment/sqlite.go:672.2,672.27 1 1
github.com/dpopsuev/parchment/sqlite.go:672.27,675.3 2 0
github.com/dpopsuev/parchment/sqlite.go:676.2,676.28 1 1
github.com/dpopsuev/parchment/sqlite.go:676.28,679.3 2 0
github.com/dpopsuev/parchment/sqlite.go:681.2,682.22 2 1
github.com/dpopsuev/parchment/sqlite.go:682.22,684.3 1 1
github.com/dpopsuev/parchment/sqlite.go:685.2,688.16 3 1
github.com/dpopsuev/parchment/sqlite.go:688.16,690.3 1 0
github.com/dpopsuev/parchment/sqlite.go:691.2,694.18 3 1
github.com/dpopsuev/parchment/sqlite.go:694.18,696.17 2 1
github.com/dpopsuev/parchment/sqlite.go:696.17,698.12 2 0
github.com/dpopsuev/parchment/sqlite.go:700.3,700.26 1 1
github.com/dpopsuev/parchment/sqlite.go:700.26,701.12 1 0
github.com/dpopsuev/parchment/sqlite.go:703.3,703.33 1 1
github.com/dpopsuev/parchment/sqlite.go:705.2,705.28 1 1
github.com/dpopsuev/parchment/sqlite.go:708.66,713.2 2 1
github.com/dpopsuev/parchment/sqlite.go:715.69,720.2 2 0
github.com/dpopsuev/parchment/sqlite.go:722.101,725.36 2 1
github.com/dpopsuev/parchment/sqlite.go:725.36,728.16 3 1
github.com/dpopsuev/parchment/sqlite.go:728.16,731.4 2 1
github.com/dpopsuev/parchment/sqlite.go:732.3,733.17 2 1
github.com/dpopsuev/parchment/sqlite.go:733.17,735.4 1 0
github.com/dpopsuev/parchment/sqlite.go:736.3,736.19 1 1
github.com/dpopsuev/parchment/sqlite.go:736.19,738.65 2 1
github.com/dpopsuev/parchment/sqlite.go:738.65,740.5 1 1
github.com/dpopsuev/parchment/sqlite.go:742.3,742.15 1 1
github.com/dpopsuev/parchment/sqlite.go:745.2,745.36 1 1
github.com/dpopsuev/parchment/sqlite.go:745.36,748.16 3 1
github.com/dpopsuev/parchment/sqlite.go:748.16,751.4 2 1
github.com/dpopsuev/parchment/sqlite.go:752.3,753.17 2 1
github.com/dpopsuev/parchment/sqlite.go:753.17,755.4 1 0
github.com/dpopsuev/parchment/sqlite.go:756.3,756.19 1 1
github.com/dpopsuev/parchment/sqlite.go:756.19,758.65 2 1
github.com/dpopsuev/parchment/sqlite.go:758.65,760.5 1 1
github.com/dpopsuev/parchment/sqlite.go:762.3,762.15 1 1
github.com/dpopsuev/parchment/sqlite.go:765.2,765.19 1 1
github.com/dpopsuev/parchment/sqlite.go:768.120,771.2 2 1
github.com/dpopsuev/parchment/sqlite.go:773.157,774.39 1 1
github.com/dpopsuev/parchment/sqlite.go:774.39,776.3 1 0
github.com/dpopsuev/parchment/sqlite.go:777.2,777.17 1 1
github.com/dpopsuev/parchment/sqlite.go:777.17,779.3 1 0
github.com/dpopsuev/parchment/sqlite.go:780.2,783.16 3 1
github.com/dpopsuev/parchment/sqlite.go:783.16,785.3 1 0
github.com/dpopsuev/parchment/sqlite.go:786.2,786.30 1 1
github.com/dpopsuev/parchment/sqlite.go:786.30,787.22 1 1
github.com/dpopsuev/parchment/sqlite.go:787.22,789.4 1 0
github.com/dpopsuev/parchment/sqlite.go:790.3,791.22 2 1
github.com/dpopsuev/parchment/sqlite.go:791.22,793.4 1 1
github.com/dpopsuev/parchment/sqlite.go:794.3,794.92 1 1
github.com/dpopsuev/parchment/sqlite.go:794.92,796.4 1 0
github.com/dpopsuev/parchment/sqlite.go:798.2,798.12 1 1
github.com/dpopsuev/parchment/sqlite.go:801.91,803.16 2 1
github.com/dpopsuev/parchment/sqlite.go:803.16,805.3 1 0
github.com/dpopsuev/parchment/sqlite.go:806.2,807.26 2 1
github.com/dpopsuev/parchment/sqlite.go:807.26,808.49 1 0
github.com/dpopsuev/parchment/sqlite.go:808.49,810.4 1 0
github.com/dpopsuev/parchment/sqlite.go:812.2,812.22 1 1
github.com/dpopsuev/parchment/sqlite.go:815.82,817.16 2 0
github.com/dpopsuev/parchment/sqlite.go:817.16,819.3 1 0
github.com/dpopsuev/parchment/sqlite.go:820.2,824.26 4 0
github.com/dpopsuev/parchment/sqlite.go:824.26,826.3 1 0
github.com/dpopsuev/parchment/sqlite.go:826.8,826.23 1 0
github.com/dpopsuev/parchment/sqlite.go:826.23,828.3 1 0
github.com/dpopsuev/parchment/sqlite.go:830.2,835.16 3 0
github.com/dpopsuev/parchment/sqlite.go:835.16,837.3 1 0
github.com/dpopsuev/parchment/sqlite.go:838.2,838.24 1 0
github.com/dpopsuev/parchment/sqlite.go:841.102,842.11 1 0
github.com/dpopsuev/parchment/sqlite.go:842.11,847.3 2 0
github.com/dpopsuev/parchment/sqlite.go:848.2,852.12 2 0
github.com/dpopsuev/parchment/sqlite.go:855.100,857.16 2 1
github.com/dpopsuev/parchment/sqlite.go:857.16,859.3 1 0
github.com/dpopsuev/parchment/sqlite.go:860.2,866.26 4 1
github.com/dpopsuev/parchment/sqlite.go:866.26,868.3 1 1
github.com/dpopsuev/parchment/sqlite.go:868.8,868.23 1 1
github.com/dpopsuev/parchment/sqlite.go:868.23,870.3 1 0
github.com/dpopsuev/parchment/sqlite.go:873.2,873.6 1 1
github.com/dpopsuev/parchment/sqlite.go:873.6,877.27 4 1
github.com/dpopsuev/parchment/sqlite.go:877.27,883.18 2 1
github.com/dpopsuev/parchment/sqlite.go:883.18,885.5 1 0
github.com/dpopsuev/parchment/sqlite.go:886.4,886.26 1 1
github.com/dpopsuev/parchment/sqlite.go:888.3,888.17 1 0
github.com/dpopsuev/parchment/sqlite.go:888.17,890.4 1 0
github.com/dpopsuev/parchment/sqlite.go:891.3,891.8 1 0
github.com/dpopsuev/parchment/sqlite.go:895.79,897.16 2 0
github.com/dpopsuev/parchment/sqlite.go:897.16,899.3 1 0
github.com/dpopsuev/parchment/sqlite.go:900.2,904.26 4 0
github.com/dpopsuev/parchment/sqlite.go:904.26,906.3 1 0
github.com/dpopsuev/parchment/sqlite.go:906.8,906.23 1 0
github.com/dpopsuev/parchment/sqlite.go:906.23,908.3 1 0
github.com/dpopsuev/parchment/sqlite.go:914.2,914.6 1 0
github.com/dpopsuev/parchment/sqlite.go:914.6,918.27 4 0
github.com/dpopsuev/parchment/sqlite.go:918.27,923.18 2 0
github.com/dpopsuev/parchment/sqlite.go:923.18,925.5 1 0
github.com/dpopsuev/parchment/sqlite.go:926.4,926.27 1 0
github.com/dpopsuev/parchment/sqlite.go:928.3,928.17 1 0
github.com/dpopsuev/parchment/sqlite.go:928.17,930.4 1 0
github.com/dpopsuev/parchment/sqlite.go:931.3,931.8 1 0
github.com/dpopsuev/parchment/sqlite.go:935.92,940.26 4 0
github.com/dpopsuev/parchment/sqlite.go:940.26,942.3 1 0
github.com/dpopsuev/parchment/sqlite.go:943.2,943.16 1 0
github.com/dpopsuev/parchment/sqlite.go:943.16,945.3 1 0
github.com/dpopsuev/parchment/sqlite.go:946.2,946.28 1 0
github.com/dpopsuev/parchment/sqlite.go:949.92,951.10 2 0
github.com/dpopsuev/parchment/sqlite.go:951.10,953.3 1 0
github.com/dpopsuev/parchment/sqlite.go:954.2,958.12 2 0
github.com/dpopsuev/parchment/sqlite.go:961.85,963.16 2 0
github.com/dpopsuev/parchment/sqlite.go:963.16,965.3 1 0
github.com/dpopsuev/parchment/sqlite.go:966.2,969.18 3 0
github.com/dpopsuev/parchment/sqlite.go:969.18,971.49 2 0
github.com/dpopsuev/parchment/sqlite.go:971.49,973.4 1 0
github.com/dpopsuev/parchment/sqlite.go:975.2,975.27 1 0
github.com/dpopsuev/parchment/sqlite.go:978.96,983.2 3 0
github.com/dpopsuev/parchment/sqlite.go:985.91,989.16 3 0
github.com/dpopsuev/parchment/sqlite.go:989.16,991.3 1 0
github.com/dpopsuev/parchment/sqlite.go:992.2,992.15 1 0
github.com/dpopsuev/parchment/sqlite.go:992.15,994.3 1 0
github.com/dpopsuev/parchment/sqlite.go:995.2,995.37 1 0
github.com/dpopsuev/parchment/sqlite.go:998.90,1001.16 2 0
github.com/dpopsuev/parchment/sqlite.go:1001.16,1003.3 1 0
github.com/dpopsuev/parchment/sqlite.go:1004.2,1006.18 3 0
github.com/dpopsuev/parchment/sqlite.go:1006.18,1008.43 2 0
github.com/dpopsuev/parchment/sqlite.go:1008.43,1010.4 1 0
github.com/dpopsuev/parchment/sqlite.go:1012.2,1012.27 1 0
github.com/dpopsuev/parchment/sqlite.go:1022.79,1024.16 2 0
github.com/dpopsuev/parchment/sqlite.go:1024.16,1026.3 1 0
github.com/dpopsuev/parchment/sqlite.go:1027.2,1029.18 3 0
github.com/dpopsuev/parchment/sqlite.go:1029.18,1031.55 2 0
github.com/dpopsuev/parchment/sqlite.go:1031.55,1032.12 1 0
github.com/dpopsuev/parchment/sqlite.go:1034.3,1035.16 2 0
github.com/dpopsuev/parchment/sqlite.go:1035.16,1037.4 1 0
github.com/dpopsuev/parchment/sqlite.go:1038.3,1038.32 1 0
github.com/dpopsuev/parchment/sqlite.go:1040.2,1040.27 1 0
github.com/dpopsuev/parchment/sqlite.go:1049.52,1051.2 1 1
github.com/dpopsuev/parchment/sqlite.go:1053.58,1055.2 1 1
github.com/dpopsuev/parchment/sqlite.go:1061.47,1073.16 5 1
github.com/dpopsuev/parchment/sqlite.go:1073.16,1075.3 1 1
github.com/dpopsuev/parchment/sqlite.go:1077.2,1091.4 1 1
github.com/dpopsuev/parchment/sqlite.go:1091.4,1092.69 1 1
github.com/dpopsuev/parchment/sqlite.go:1092.69,1094.4 1 0
github.com/dpopsuev/parchment/sqlite.go:1096.2,1104.4 1 1
github.com/dpopsuev/parchment/sqlite.go:1104.4,1105.67 1 1
github.com/dpopsuev/parchment/sqlite.go:1105.67,1107.4 1 0
github.com/dpopsuev/parchment/sqlite.go:1107.9,1109.4 1 1
github.com/dpopsuev/parchment/sqlite.go:1112.2,1112.18 1 1
github.com/dpopsuev/parchment/sqlite.go:1115.78,1118.2 2 0
github.com/dpopsuev/parchment/sqlite.go:1120.75,1123.2 2 1
github.com/dpopsuev/parchment/sqlite.go:1125.44,1127.29 2 1
github.com/dpopsuev/parchment/sqlite.go:1127.29,1129.3 1 1
github.com/dpopsuev/parchment/sqlite.go:1130.2,1130.10 1 1
github.com/dpopsuev/parchment/sqlite.go:1134.83,1136.16 2 1
github.com/dpopsuev/parchment/sqlite.go:1136.16,1138.3 1 1
github.com/dpopsuev/parchment/sqlite.go:1139.2,1139.29 1 1
github.com/dpopsuev/parchment/sqlite.go:1139.29,1140.22 1 0
github.com/dpopsuev/parchment/sqlite.go:1140.22,1141.78 1 0
github.com/dpopsuev/parchment/sqlite.go:1141.78,1143.5 1 0
github.com/dpopsuev/parchment/sqlite.go:1145.3,1145.23 1 0
github.com/dpopsuev/parchment/sqlite.go:1145.23,1146.76 1 0
github.com/dpopsuev/parchment/sqlite.go:1146.76,1148.5 1 0
github.com/dpopsuev/parchment/sqlite.go:1152.2,1153.16 2 1
github.com/dpopsuev/parchment/sqlite.go:1153.16,1155.3 1 1
github.com/dpopsuev/parchment/sqlite.go:1156.2,1157.25 2 1
github.com/dpopsuev/parchment/sqlite.go:1157.25,1158.18 1 1
github.com/dpopsuev/parchment/sqlite.go:1158.18,1159.71 1 0
github.com/dpopsuev/parchment/sqlite.go:1159.71,1161.5 1 0
github.com/dpopsuev/parchment/sqlite.go:1164.2,1164.25 1 1
github.com/dpopsuev/parchment/sqlite.go:1164.25,1165.18 1 1
github.com/dpopsuev/parchment/sqlite.go:1165.18,1166.68 1 1
github.com/dpopsuev/parchment/sqlite.go:1166.68,1168.5 1 0
github.com/dpopsuev/parchment/sqlite.go:1172.2,1173.16 2 1
github.com/dpopsuev/parchment/sqlite.go:1173.16,1174.35 1 1
github.com/dpopsuev/parchment/sqlite.go:1174.35,1176.4 1 0
github.com/dpopsuev/parchment/sqlite.go:1178.2,1179.34 2 1
github.com/dpopsuev/parchment/sqlite.go:1179.34,1181.3 1 0
github.com/dpopsuev/parchment/sqlite.go:1182.2,1182.36 1 1
github.com/dpopsuev/parchment/sqlite.go:1182.36,1184.26 2 0
github.com/dpopsuev/parchment/sqlite.go:1184.26,1185.36 1 0
github.com/dpopsuev/parchment/sqlite.go:1185.36,1186.64 1 0
github.com/dpopsuev/parchment/sqlite.go:1186.64,1188.6 1 0
github.com/dpopsuev/parchment/sqlite.go:1192.2,1192.36 1 1
github.com/dpopsuev/parchment/sqlite.go:1192.36,1194.26 2 0
github.com/dpopsuev/parchment/sqlite.go:1194.26,1195.36 1 0
github.com/dpopsuev/parchment/sqlite.go:1195.36,1196.61 1 0
github.com/dpopsuev/parchment/sqlite.go:1196.61,1198.6 1 0
github.com/dpopsuev/parchment/sqlite.go:1202.2,1202.12 1 1
github.com/dpopsuev/parchment/stash.go:31.62,32.14 1 1
github.com/dpopsuev/parchment/stash.go:32.14,34.3 1 1
github.com/dpopsuev/parchment/stash.go:35.2,35.16 1 1
github.com/dpopsuev/parchment/stash.go:35.16,37.3 1 1
github.com/dpopsuev/parchment/stash.go:38.2,42.3 1 1
github.com/dpopsuev/parchment/stash.go:46.58,53.31 4 1
github.com/dpopsuev/parchment/stash.go:53.31,55.3 1 0
github.com/dpopsuev/parchment/stash.go:57.2,64.16 5 1
github.com/dpopsuev/parchment/stash.go:68.63,73.9 4 1
github.com/dpopsuev/parchment/stash.go:73.9,75.3 1 0
github.com/dpopsuev/parchment/stash.go:76.2,76.41 1 1
github.com/dpopsuev/parchment/stash.go:76.41,79.3 2 0
github.com/dpopsuev/parchment/stash.go:80.2,80.19 1 1
github.com/dpopsuev/parchment/stash.go:84.40,88.2 3 1
github.com/dpopsuev/parchment/stash.go:91.32,95.2 3 0
github.com/dpopsuev/parchment/stash.go:98.37,100.35 2 1
github.com/dpopsuev/parchment/stash.go:100.35,101.39 1 0
github.com/dpopsuev/parchment/stash.go:101.39,103.4 1 0
github.com/dpopsuev/parchment/stash.go:109.66,110.23 1 1
github.com/dpopsuev/parchment/stash.go:110.23,112.3 1 0
github.com/dpopsuev/parchment/stash.go:113.2,113.22 1 1
github.com/dpopsuev/parchment/stash.go:113.22,115.3 1 0
github.com/dpopsuev/parchment/stash.go:116.2,116.23 1 1
github.com/dpopsuev/parchment/stash.go:116.23,118.3 1 0
github.com/dpopsuev/parchment/stash.go:119.2,119.26 1 1
github.com/dpopsuev/parchment/stash.go:119.26,121.3 1 0
github.com/dpopsuev/parchment/stash.go:122.2,122.24 1 1
github.com/dpopsuev/parchment/stash.go:122.24,124.3 1 0
github.com/dpopsuev/parchment/stash.go:125.2,125.24 1 1
github.com/dpopsuev/parchment/stash.go:125.24,127.3 1 0
github.com/dpopsuev/parchment/stash.go:128.2,128.22 1 1
github.com/dpopsuev/parchment/stash.go:128.22,130.3 1 0
github.com/dpopsuev/parchment/stash.go:131.2,131.27 1 1
github.com/dpopsuev/parchment/stash.go:131.27,133.3 1 0
github.com/dpopsuev/parchment/stash.go:134.2,134.30 1 1
github.com/dpopsuev/parchment/stash.go:134.30,136.3 1 0
github.com/dpopsuev/parchment/stash.go:137.2,137.26 1 1
github.com/dpopsuev/parchment/stash.go:137.26,138.24 1 0
github.com/dpopsuev/parchment/stash.go:138.24,140.4 1 0
github.com/dpopsuev/parchment/stash.go:141.3,141.33 1 0
github.com/dpopsuev/parchment/stash.go:141.33,143.4 1 0
github.com/dpopsuev/parchment/stash.go:147.2,147.29 1 1
github.com/dpopsuev/parchment/stash.go:147.29,149.35 2 0
github.com/dpopsuev/parchment/stash.go:149.35,151.4 1 0
github.com/dpopsuev/parchment/stash.go:152.3,152.36 1 0
github.com/dpopsuev/parchment/stash.go:152.36,153.39 1 0
github.com/dpopsuev/parchment/stash.go:153.39,155.5 1 0
github.com/dpopsuev/parchment/stash.go:155.10,157.5 1 0
github.com/dpopsuev/parchment/stash.go:161.2,161.26 1 1
github.com/dpopsuev/parchment/stash.go:161.26,162.24 1 1
github.com/dpopsuev/parchment/stash.go:162.24,164.4 1 1
github.com/dpopsuev/parchment/stash.go:165.3,165.33 1 1
github.com/dpopsuev/parchment/stash.go:165.33,167.4 1 1
github.com/dpopsuev/parchment/stash.go:170.2,170.13 1 1
